model,params,task_idx,task,rollout,success,steps,jerk
FNO-VLA_baseline,28.9M,0,alphabet_soup,0,1,234,0.02794
FNO-VLA_baseline,28.9M,0,alphabet_soup,1,1,243,0.02914
FNO-VLA_baseline,28.9M,0,alphabet_soup,2,1,259,0.02818
FNO-VLA_baseline,28.9M,0,alphabet_soup,3,1,198,0.02343
FNO-VLA_baseline,28.9M,0,alphabet_soup,4,1,186,0.01997
FNO-VLA_baseline,28.9M,0,alphabet_soup,5,1,241,0.0279
FNO-VLA_baseline,28.9M,0,alphabet_soup,6,1,294,0.02988
FNO-VLA_baseline,28.9M,0,alphabet_soup,7,1,178,0.02098
FNO-VLA_baseline,28.9M,0,alphabet_soup,8,1,170,0.02012
FNO-VLA_baseline,28.9M,0,alphabet_soup,9,1,216,0.02688
FNO-VLA_baseline,28.9M,0,alphabet_soup,10,1,195,0.02492
FNO-VLA_baseline,28.9M,0,alphabet_soup,11,1,244,0.02781
FNO-VLA_baseline,28.9M,0,alphabet_soup,12,1,224,0.0246
FNO-VLA_baseline,28.9M,0,alphabet_soup,13,0,400,0.03147
FNO-VLA_baseline,28.9M,0,alphabet_soup,14,1,171,0.02182
FNO-VLA_baseline,28.9M,0,alphabet_soup,15,1,320,0.03057
FNO-VLA_baseline,28.9M,0,alphabet_soup,16,1,200,0.026
FNO-VLA_baseline,28.9M,0,alphabet_soup,17,1,223,0.02749
FNO-VLA_baseline,28.9M,0,alphabet_soup,18,1,242,0.0256
FNO-VLA_baseline,28.9M,0,alphabet_soup,19,1,251,0.03067
FNO-VLA_baseline,28.9M,1,cream_cheese,0,1,177,0.02386
FNO-VLA_baseline,28.9M,1,cream_cheese,1,0,400,0.04611
FNO-VLA_baseline,28.9M,1,cream_cheese,2,1,170,0.02502
FNO-VLA_baseline,28.9M,1,cream_cheese,3,1,271,0.02984
FNO-VLA_baseline,28.9M,1,cream_cheese,4,1,195,0.02517
FNO-VLA_baseline,28.9M,1,cream_cheese,5,0,400,0.04462
FNO-VLA_baseline,28.9M,1,cream_cheese,6,1,168,0.024
FNO-VLA_baseline,28.9M,1,cream_cheese,7,0,400,0.04827
FNO-VLA_baseline,28.9M,1,cream_cheese,8,0,400,0.05016
FNO-VLA_baseline,28.9M,1,cream_cheese,9,0,400,0.02975
FNO-VLA_baseline,28.9M,1,cream_cheese,10,0,400,0.04256
FNO-VLA_baseline,28.9M,1,cream_cheese,11,0,400,0.04369
FNO-VLA_baseline,28.9M,1,cream_cheese,12,1,178,0.02337
FNO-VLA_baseline,28.9M,1,cream_cheese,13,0,400,0.0446
FNO-VLA_baseline,28.9M,1,cream_cheese,14,1,184,0.02229
FNO-VLA_baseline,28.9M,1,cream_cheese,15,0,400,0.0459
FNO-VLA_baseline,28.9M,1,cream_cheese,16,1,201,0.0243
FNO-VLA_baseline,28.9M,1,cream_cheese,17,0,400,0.02786
FNO-VLA_baseline,28.9M,1,cream_cheese,18,0,400,0.03925
FNO-VLA_baseline,28.9M,1,cream_cheese,19,0,400,0.04671
FNO-VLA_baseline,28.9M,2,salad_dressing,0,1,127,0.01913
FNO-VLA_baseline,28.9M,2,salad_dressing,1,1,123,0.01781
FNO-VLA_baseline,28.9M,2,salad_dressing,2,1,188,0.02938
FNO-VLA_baseline,28.9M,2,salad_dressing,3,1,242,0.03192
FNO-VLA_baseline,28.9M,2,salad_dressing,4,1,192,0.02323
FNO-VLA_baseline,28.9M,2,salad_dressing,5,1,300,0.03349
FNO-VLA_baseline,28.9M,2,salad_dressing,6,1,227,0.03349
FNO-VLA_baseline,28.9M,2,salad_dressing,7,1,168,0.02547
FNO-VLA_baseline,28.9M,2,salad_dressing,8,1,134,0.019
FNO-VLA_baseline,28.9M,2,salad_dressing,9,1,219,0.03252
FNO-VLA_baseline,28.9M,2,salad_dressing,10,1,175,0.02277
FNO-VLA_baseline,28.9M,2,salad_dressing,11,1,128,0.01851
FNO-VLA_baseline,28.9M,2,salad_dressing,12,1,124,0.01725
FNO-VLA_baseline,28.9M,2,salad_dressing,13,1,131,0.02047
FNO-VLA_baseline,28.9M,2,salad_dressing,14,1,240,0.02991
FNO-VLA_baseline,28.9M,2,salad_dressing,15,1,130,0.01978
FNO-VLA_baseline,28.9M,2,salad_dressing,16,1,120,0.01668
FNO-VLA_baseline,28.9M,2,salad_dressing,17,1,138,0.02031
FNO-VLA_baseline,28.9M,2,salad_dressing,18,1,221,0.03187
FNO-VLA_baseline,28.9M,2,salad_dressing,19,1,123,0.01749
FNO-VLA_baseline,28.9M,3,bbq_sauce,0,1,281,0.03187
FNO-VLA_baseline,28.9M,3,bbq_sauce,1,0,400,0.03786
FNO-VLA_baseline,28.9M,3,bbq_sauce,2,0,400,0.03676
FNO-VLA_baseline,28.9M,3,bbq_sauce,3,0,400,0.03399
FNO-VLA_baseline,28.9M,3,bbq_sauce,4,0,400,0.03735
FNO-VLA_baseline,28.9M,3,bbq_sauce,5,0,400,0.0353
FNO-VLA_baseline,28.9M,3,bbq_sauce,6,0,400,0.03473
FNO-VLA_baseline,28.9M,3,bbq_sauce,7,0,400,0.03723
FNO-VLA_baseline,28.9M,3,bbq_sauce,8,0,400,0.03416
FNO-VLA_baseline,28.9M,3,bbq_sauce,9,0,400,0.03762
FNO-VLA_baseline,28.9M,3,bbq_sauce,10,0,400,0.03764
FNO-VLA_baseline,28.9M,3,bbq_sauce,11,1,184,0.01957
FNO-VLA_baseline,28.9M,3,bbq_sauce,12,0,400,0.03724
FNO-VLA_baseline,28.9M,3,bbq_sauce,13,1,205,0.02571
FNO-VLA_baseline,28.9M,3,bbq_sauce,14,1,300,0.03079
FNO-VLA_baseline,28.9M,3,bbq_sauce,15,0,400,0.03813
FNO-VLA_baseline,28.9M,3,bbq_sauce,16,1,152,0.0219
FNO-VLA_baseline,28.9M,3,bbq_sauce,17,1,201,0.02341
FNO-VLA_baseline,28.9M,3,bbq_sauce,18,0,400,0.03408
FNO-VLA_baseline,28.9M,3,bbq_sauce,19,0,400,0.03416
FNO-VLA_baseline,28.9M,4,ketchup,0,0,400,0.03035
FNO-VLA_baseline,28.9M,4,ketchup,1,0,400,0.03262
FNO-VLA_baseline,28.9M,4,ketchup,2,1,188,0.0228
FNO-VLA_baseline,28.9M,4,ketchup,3,1,258,0.02498
FNO-VLA_baseline,28.9M,4,ketchup,4,0,400,0.02307
FNO-VLA_baseline,28.9M,4,ketchup,5,0,400,0.02523
FNO-VLA_baseline,28.9M,4,ketchup,6,0,400,0.03006
FNO-VLA_baseline,28.9M,4,ketchup,7,0,400,0.02764
FNO-VLA_baseline,28.9M,4,ketchup,8,0,400,0.02647
FNO-VLA_baseline,28.9M,4,ketchup,9,0,400,0.02803
FNO-VLA_baseline,28.9M,4,ketchup,10,1,289,0.02286
FNO-VLA_baseline,28.9M,4,ketchup,11,1,199,0.02162
FNO-VLA_baseline,28.9M,4,ketchup,12,0,400,0.02284
FNO-VLA_baseline,28.9M,4,ketchup,13,1,268,0.02429
FNO-VLA_baseline,28.9M,4,ketchup,14,0,400,0.02263
FNO-VLA_baseline,28.9M,4,ketchup,15,0,400,0.02944
FNO-VLA_baseline,28.9M,4,ketchup,16,1,361,0.02909
FNO-VLA_baseline,28.9M,4,ketchup,17,0,400,0.02381
FNO-VLA_baseline,28.9M,4,ketchup,18,0,400,0.02296
FNO-VLA_baseline,28.9M,4,ketchup,19,0,400,0.02489
FNO-VLA_baseline,28.9M,5,tomato_sauce,0,0,400,0.03463
FNO-VLA_baseline,28.9M,5,tomato_sauce,1,1,392,0.0324
FNO-VLA_baseline,28.9M,5,tomato_sauce,2,0,400,0.02851
FNO-VLA_baseline,28.9M,5,tomato_sauce,3,1,177,0.04277
FNO-VLA_baseline,28.9M,5,tomato_sauce,4,0,400,0.02266
FNO-VLA_baseline,28.9M,5,tomato_sauce,5,1,223,0.02831
FNO-VLA_baseline,28.9M,5,tomato_sauce,6,1,159,0.03926
FNO-VLA_baseline,28.9M,5,tomato_sauce,7,1,378,0.02779
FNO-VLA_baseline,28.9M,5,tomato_sauce,8,1,146,0.02988
FNO-VLA_baseline,28.9M,5,tomato_sauce,9,1,145,0.03042
FNO-VLA_baseline,28.9M,5,tomato_sauce,10,1,120,0.02187
FNO-VLA_baseline,28.9M,5,tomato_sauce,11,0,400,0.03033
FNO-VLA_baseline,28.9M,5,tomato_sauce,12,1,214,0.03199
FNO-VLA_baseline,28.9M,5,tomato_sauce,13,1,202,0.02844
FNO-VLA_baseline,28.9M,5,tomato_sauce,14,1,141,0.02314
FNO-VLA_baseline,28.9M,5,tomato_sauce,15,1,227,0.02837
FNO-VLA_baseline,28.9M,5,tomato_sauce,16,0,400,0.032
FNO-VLA_baseline,28.9M,5,tomato_sauce,17,1,123,0.0221
FNO-VLA_baseline,28.9M,5,tomato_sauce,18,1,195,0.02394
FNO-VLA_baseline,28.9M,5,tomato_sauce,19,1,165,0.03547
FNO-VLA_baseline,28.9M,6,butter,0,1,151,0.02216
FNO-VLA_baseline,28.9M,6,butter,1,1,160,0.01817
FNO-VLA_baseline,28.9M,6,butter,2,1,153,0.01865
FNO-VLA_baseline,28.9M,6,butter,3,1,153,0.01835
FNO-VLA_baseline,28.9M,6,butter,4,1,157,0.02203
FNO-VLA_baseline,28.9M,6,butter,5,1,151,0.02162
FNO-VLA_baseline,28.9M,6,butter,6,1,178,0.02597
FNO-VLA_baseline,28.9M,6,butter,7,1,154,0.02197
FNO-VLA_baseline,28.9M,6,butter,8,1,152,0.01962
FNO-VLA_baseline,28.9M,6,butter,9,1,197,0.02561
FNO-VLA_baseline,28.9M,6,butter,10,1,161,0.02144
FNO-VLA_baseline,28.9M,6,butter,11,1,160,0.01936
FNO-VLA_baseline,28.9M,6,butter,12,1,160,0.01721
FNO-VLA_baseline,28.9M,6,butter,13,1,153,0.02059
FNO-VLA_baseline,28.9M,6,butter,14,1,152,0.01961
FNO-VLA_baseline,28.9M,6,butter,15,1,152,0.02104
FNO-VLA_baseline,28.9M,6,butter,16,0,400,0.03679
FNO-VLA_baseline,28.9M,6,butter,17,1,171,0.02435
FNO-VLA_baseline,28.9M,6,butter,18,1,159,0.01677
FNO-VLA_baseline,28.9M,6,butter,19,1,160,0.01669
FNO-VLA_baseline,28.9M,7,milk,0,0,400,0.03664
FNO-VLA_baseline,28.9M,7,milk,1,1,140,0.01708
FNO-VLA_baseline,28.9M,7,milk,2,1,143,0.01839
FNO-VLA_baseline,28.9M,7,milk,3,1,141,0.0168
FNO-VLA_baseline,28.9M,7,milk,4,0,400,0.03738
FNO-VLA_baseline,28.9M,7,milk,5,0,400,0.03795
FNO-VLA_baseline,28.9M,7,milk,6,1,147,0.01687
FNO-VLA_baseline,28.9M,7,milk,7,1,144,0.01405
FNO-VLA_baseline,28.9M,7,milk,8,0,400,0.03564
FNO-VLA_baseline,28.9M,7,milk,9,1,135,0.01742
FNO-VLA_baseline,28.9M,7,milk,10,1,133,0.01796
FNO-VLA_baseline,28.9M,7,milk,11,1,140,0.01701
FNO-VLA_baseline,28.9M,7,milk,12,1,190,0.02318
FNO-VLA_baseline,28.9M,7,milk,13,1,143,0.01775
FNO-VLA_baseline,28.9M,7,milk,14,0,400,0.03848
FNO-VLA_baseline,28.9M,7,milk,15,1,142,0.01692
FNO-VLA_baseline,28.9M,7,milk,16,1,141,0.01656
FNO-VLA_baseline,28.9M,7,milk,17,1,141,0.01624
FNO-VLA_baseline,28.9M,7,milk,18,0,400,0.03801
FNO-VLA_baseline,28.9M,7,milk,19,1,136,0.0168
FNO-VLA_baseline,28.9M,8,chocolate_pudding,0,0,400,0.02578
FNO-VLA_baseline,28.9M,8,chocolate_pudding,1,1,219,0.01945
FNO-VLA_baseline,28.9M,8,chocolate_pudding,2,0,400,0.02302
FNO-VLA_baseline,28.9M,8,chocolate_pudding,3,1,209,0.01663
FNO-VLA_baseline,28.9M,8,chocolate_pudding,4,0,400,0.03457
FNO-VLA_baseline,28.9M,8,chocolate_pudding,5,0,400,0.03329
FNO-VLA_baseline,28.9M,8,chocolate_pudding,6,1,210,0.01917
FNO-VLA_baseline,28.9M,8,chocolate_pudding,7,1,184,0.01556
FNO-VLA_baseline,28.9M,8,chocolate_pudding,8,1,387,0.02387
FNO-VLA_baseline,28.9M,8,chocolate_pudding,9,1,160,0.01751
FNO-VLA_baseline,28.9M,8,chocolate_pudding,10,1,160,0.01689
FNO-VLA_baseline,28.9M,8,chocolate_pudding,11,1,187,0.02048
FNO-VLA_baseline,28.9M,8,chocolate_pudding,12,1,240,0.02035
FNO-VLA_baseline,28.9M,8,chocolate_pudding,13,0,400,0.02276
FNO-VLA_baseline,28.9M,8,chocolate_pudding,14,1,160,0.01679
FNO-VLA_baseline,28.9M,8,chocolate_pudding,15,1,191,0.01633
FNO-VLA_baseline,28.9M,8,chocolate_pudding,16,1,152,0.01899
FNO-VLA_baseline,28.9M,8,chocolate_pudding,17,1,190,0.01895
FNO-VLA_baseline,28.9M,8,chocolate_pudding,18,0,400,0.0349
FNO-VLA_baseline,28.9M,8,chocolate_pudding,19,1,209,0.01729
FNO-VLA_baseline,28.9M,9,orange_juice,0,0,400,0.03844
FNO-VLA_baseline,28.9M,9,orange_juice,1,0,400,0.04125
FNO-VLA_baseline,28.9M,9,orange_juice,2,0,400,0.03748
FNO-VLA_baseline,28.9M,9,orange_juice,3,0,400,0.03913
FNO-VLA_baseline,28.9M,9,orange_juice,4,1,131,0.02056
FNO-VLA_baseline,28.9M,9,orange_juice,5,0,400,0.0418
FNO-VLA_baseline,28.9M,9,orange_juice,6,1,169,0.02709
FNO-VLA_baseline,28.9M,9,orange_juice,7,1,148,0.02901
FNO-VLA_baseline,28.9M,9,orange_juice,8,1,123,0.01855
FNO-VLA_baseline,28.9M,9,orange_juice,9,0,400,0.03848
FNO-VLA_baseline,28.9M,9,orange_juice,10,0,400,0.03988
FNO-VLA_baseline,28.9M,9,orange_juice,11,0,400,0.03839
FNO-VLA_baseline,28.9M,9,orange_juice,12,1,243,0.03228
FNO-VLA_baseline,28.9M,9,orange_juice,13,0,400,0.03563
FNO-VLA_baseline,28.9M,9,orange_juice,14,0,400,0.03793
FNO-VLA_baseline,28.9M,9,orange_juice,15,0,400,0.03665
FNO-VLA_baseline,28.9M,9,orange_juice,16,0,400,0.04347
FNO-VLA_baseline,28.9M,9,orange_juice,17,0,400,0.0387
FNO-VLA_baseline,28.9M,9,orange_juice,18,1,159,0.02715
FNO-VLA_baseline,28.9M,9,orange_juice,19,0,400,0.04028
FNO-VLA_sv_ep5,28.9M,0,alphabet_soup,0,1,210,0.02451
FNO-VLA_sv_ep5,28.9M,0,alphabet_soup,1,1,178,0.02289
FNO-VLA_sv_ep5,28.9M,0,alphabet_soup,2,1,180,0.02188
FNO-VLA_sv_ep5,28.9M,0,alphabet_soup,3,0,400,0.03652
FNO-VLA_sv_ep5,28.9M,0,alphabet_soup,4,1,179,0.02265
FNO-VLA_sv_ep5,28.9M,0,alphabet_soup,5,1,179,0.02144
FNO-VLA_sv_ep5,28.9M,0,alphabet_soup,6,1,191,0.02039
FNO-VLA_sv_ep5,28.9M,0,alphabet_soup,7,1,183,0.02396
FNO-VLA_sv_ep5,28.9M,0,alphabet_soup,8,1,183,0.02176
FNO-VLA_sv_ep5,28.9M,0,alphabet_soup,9,1,185,0.02178
FNO-VLA_sv_ep5,28.9M,0,alphabet_soup,10,1,175,0.02387
FNO-VLA_sv_ep5,28.9M,0,alphabet_soup,11,1,136,0.01816
FNO-VLA_sv_ep5,28.9M,0,alphabet_soup,12,1,180,0.02045
FNO-VLA_sv_ep5,28.9M,0,alphabet_soup,13,1,172,0.02124
FNO-VLA_sv_ep5,28.9M,0,alphabet_soup,14,1,135,0.01807
FNO-VLA_sv_ep5,28.9M,0,alphabet_soup,15,1,180,0.02146
FNO-VLA_sv_ep5,28.9M,0,alphabet_soup,16,1,177,0.02271
FNO-VLA_sv_ep5,28.9M,0,alphabet_soup,17,1,235,0.0291
FNO-VLA_sv_ep5,28.9M,0,alphabet_soup,18,0,400,0.037
FNO-VLA_sv_ep5,28.9M,0,alphabet_soup,19,1,223,0.02332
FNO-VLA_sv_ep5,28.9M,1,cream_cheese,0,0,400,0.04071
FNO-VLA_sv_ep5,28.9M,1,cream_cheese,1,1,176,0.02388
FNO-VLA_sv_ep5,28.9M,1,cream_cheese,2,0,400,0.03784
FNO-VLA_sv_ep5,28.9M,1,cream_cheese,3,0,400,0.03963
FNO-VLA_sv_ep5,28.9M,1,cream_cheese,4,1,160,0.02186
FNO-VLA_sv_ep5,28.9M,1,cream_cheese,5,0,400,0.04033
FNO-VLA_sv_ep5,28.9M,1,cream_cheese,6,0,400,0.03924
FNO-VLA_sv_ep5,28.9M,1,cream_cheese,7,0,400,0.03992
FNO-VLA_sv_ep5,28.9M,1,cream_cheese,8,0,400,0.04709
FNO-VLA_sv_ep5,28.9M,1,cream_cheese,9,1,176,0.02358
FNO-VLA_sv_ep5,28.9M,1,cream_cheese,10,0,400,0.03155
FNO-VLA_sv_ep5,28.9M,1,cream_cheese,11,1,168,0.02309
FNO-VLA_sv_ep5,28.9M,1,cream_cheese,12,1,147,0.02137
FNO-VLA_sv_ep5,28.9M,1,cream_cheese,13,0,400,0.0391
FNO-VLA_sv_ep5,28.9M,1,cream_cheese,14,1,185,0.02312
FNO-VLA_sv_ep5,28.9M,1,cream_cheese,15,0,400,0.0347
FNO-VLA_sv_ep5,28.9M,1,cream_cheese,16,0,400,0.03528
FNO-VLA_sv_ep5,28.9M,1,cream_cheese,17,0,400,0.03575
FNO-VLA_sv_ep5,28.9M,1,cream_cheese,18,0,400,0.03961
FNO-VLA_sv_ep5,28.9M,1,cream_cheese,19,1,188,0.02222
FNO-VLA_sv_ep5,28.9M,2,salad_dressing,0,1,135,0.01799
FNO-VLA_sv_ep5,28.9M,2,salad_dressing,1,0,400,0.04137
FNO-VLA_sv_ep5,28.9M,2,salad_dressing,2,1,120,0.01689
FNO-VLA_sv_ep5,28.9M,2,salad_dressing,3,1,128,0.01748
FNO-VLA_sv_ep5,28.9M,2,salad_dressing,4,1,169,0.02034
FNO-VLA_sv_ep5,28.9M,2,salad_dressing,5,1,128,0.01926
FNO-VLA_sv_ep5,28.9M,2,salad_dressing,6,1,127,0.01715
FNO-VLA_sv_ep5,28.9M,2,salad_dressing,7,1,129,0.01665
FNO-VLA_sv_ep5,28.9M,2,salad_dressing,8,1,134,0.01834
FNO-VLA_sv_ep5,28.9M,2,salad_dressing,9,1,133,0.02095
FNO-VLA_sv_ep5,28.9M,2,salad_dressing,10,0,400,0.03849
FNO-VLA_sv_ep5,28.9M,2,salad_dressing,11,1,134,0.02053
FNO-VLA_sv_ep5,28.9M,2,salad_dressing,12,1,131,0.01831
FNO-VLA_sv_ep5,28.9M,2,salad_dressing,13,1,132,0.01413
FNO-VLA_sv_ep5,28.9M,2,salad_dressing,14,1,132,0.01905
FNO-VLA_sv_ep5,28.9M,2,salad_dressing,15,1,132,0.01798
FNO-VLA_sv_ep5,28.9M,2,salad_dressing,16,1,132,0.01833
FNO-VLA_sv_ep5,28.9M,2,salad_dressing,17,1,133,0.02005
FNO-VLA_sv_ep5,28.9M,2,salad_dressing,18,1,137,0.01921
FNO-VLA_sv_ep5,28.9M,2,salad_dressing,19,1,132,0.01771
FNO-VLA_sv_ep5,28.9M,3,bbq_sauce,0,0,400,0.03788
FNO-VLA_sv_ep5,28.9M,3,bbq_sauce,1,0,400,0.03464
FNO-VLA_sv_ep5,28.9M,3,bbq_sauce,2,0,400,0.03277
FNO-VLA_sv_ep5,28.9M,3,bbq_sauce,3,0,400,0.03483
FNO-VLA_sv_ep5,28.9M,3,bbq_sauce,4,0,400,0.03492
FNO-VLA_sv_ep5,28.9M,3,bbq_sauce,5,0,400,0.03493
FNO-VLA_sv_ep5,28.9M,3,bbq_sauce,6,0,400,0.03478
FNO-VLA_sv_ep5,28.9M,3,bbq_sauce,7,0,400,0.03598
FNO-VLA_sv_ep5,28.9M,3,bbq_sauce,8,0,400,0.03598
FNO-VLA_sv_ep5,28.9M,3,bbq_sauce,9,0,400,0.03629
FNO-VLA_sv_ep5,28.9M,3,bbq_sauce,10,0,400,0.0345
FNO-VLA_sv_ep5,28.9M,3,bbq_sauce,11,0,400,0.03414
FNO-VLA_sv_ep5,28.9M,3,bbq_sauce,12,0,400,0.03462
FNO-VLA_sv_ep5,28.9M,3,bbq_sauce,13,1,283,0.03241
FNO-VLA_sv_ep5,28.9M,3,bbq_sauce,14,0,400,0.03338
FNO-VLA_sv_ep5,28.9M,3,bbq_sauce,15,0,400,0.02983
FNO-VLA_sv_ep5,28.9M,3,bbq_sauce,16,0,400,0.03273
FNO-VLA_sv_ep5,28.9M,3,bbq_sauce,17,0,400,0.03325
FNO-VLA_sv_ep5,28.9M,3,bbq_sauce,18,0,400,0.03341
FNO-VLA_sv_ep5,28.9M,3,bbq_sauce,19,0,400,0.0326
FNO-VLA_sv_ep5,28.9M,4,ketchup,0,1,394,0.02919
FNO-VLA_sv_ep5,28.9M,4,ketchup,1,1,161,0.01904
FNO-VLA_sv_ep5,28.9M,4,ketchup,2,0,400,0.03046
FNO-VLA_sv_ep5,28.9M,4,ketchup,3,1,247,0.02329
FNO-VLA_sv_ep5,28.9M,4,ketchup,4,1,198,0.02112
FNO-VLA_sv_ep5,28.9M,4,ketchup,5,1,240,0.02302
FNO-VLA_sv_ep5,28.9M,4,ketchup,6,0,400,0.02699
FNO-VLA_sv_ep5,28.9M,4,ketchup,7,0,400,0.03137
FNO-VLA_sv_ep5,28.9M,4,ketchup,8,1,398,0.02517
FNO-VLA_sv_ep5,28.9M,4,ketchup,9,0,400,0.0308
FNO-VLA_sv_ep5,28.9M,4,ketchup,10,1,198,0.01958
FNO-VLA_sv_ep5,28.9M,4,ketchup,11,1,152,0.01884
FNO-VLA_sv_ep5,28.9M,4,ketchup,12,1,262,0.02418
FNO-VLA_sv_ep5,28.9M,4,ketchup,13,0,400,0.03036
FNO-VLA_sv_ep5,28.9M,4,ketchup,14,1,238,0.02214
FNO-VLA_sv_ep5,28.9M,4,ketchup,15,1,268,0.02088
FNO-VLA_sv_ep5,28.9M,4,ketchup,16,0,400,0.02867
FNO-VLA_sv_ep5,28.9M,4,ketchup,17,1,290,0.02312
FNO-VLA_sv_ep5,28.9M,4,ketchup,18,0,400,0.03066
FNO-VLA_sv_ep5,28.9M,4,ketchup,19,0,400,0.02653
FNO-VLA_sv_ep5,28.9M,5,tomato_sauce,0,0,400,0.04145
FNO-VLA_sv_ep5,28.9M,5,tomato_sauce,1,1,152,0.02975
FNO-VLA_sv_ep5,28.9M,5,tomato_sauce,2,0,400,0.0389
FNO-VLA_sv_ep5,28.9M,5,tomato_sauce,3,1,237,0.0418
FNO-VLA_sv_ep5,28.9M,5,tomato_sauce,4,0,400,0.03041
FNO-VLA_sv_ep5,28.9M,5,tomato_sauce,5,0,400,0.02828
FNO-VLA_sv_ep5,28.9M,5,tomato_sauce,6,0,400,0.04273
FNO-VLA_sv_ep5,28.9M,5,tomato_sauce,7,0,400,0.02812
FNO-VLA_sv_ep5,28.9M,5,tomato_sauce,8,1,147,0.02939
FNO-VLA_sv_ep5,28.9M,5,tomato_sauce,9,0,400,0.03972
FNO-VLA_sv_ep5,28.9M,5,tomato_sauce,10,1,153,0.02743
FNO-VLA_sv_ep5,28.9M,5,tomato_sauce,11,1,263,0.04034
FNO-VLA_sv_ep5,28.9M,5,tomato_sauce,12,1,237,0.03837
FNO-VLA_sv_ep5,28.9M,5,tomato_sauce,13,0,400,0.03938
FNO-VLA_sv_ep5,28.9M,5,tomato_sauce,14,0,400,0.03009
FNO-VLA_sv_ep5,28.9M,5,tomato_sauce,15,1,363,0.04256
FNO-VLA_sv_ep5,28.9M,5,tomato_sauce,16,0,400,0.02976
FNO-VLA_sv_ep5,28.9M,5,tomato_sauce,17,0,400,0.04216
FNO-VLA_sv_ep5,28.9M,5,tomato_sauce,18,0,400,0.03959
FNO-VLA_sv_ep5,28.9M,5,tomato_sauce,19,0,400,0.03878
FNO-VLA_sv_ep5,28.9M,6,butter,0,1,170,0.0225
FNO-VLA_sv_ep5,28.9M,6,butter,1,1,163,0.02221
FNO-VLA_sv_ep5,28.9M,6,butter,2,1,163,0.02245
FNO-VLA_sv_ep5,28.9M,6,butter,3,0,400,0.04148
FNO-VLA_sv_ep5,28.9M,6,butter,4,1,170,0.02408
FNO-VLA_sv_ep5,28.9M,6,butter,5,1,160,0.02139
FNO-VLA_sv_ep5,28.9M,6,butter,6,0,400,0.0405
FNO-VLA_sv_ep5,28.9M,6,butter,7,1,154,0.02366
FNO-VLA_sv_ep5,28.9M,6,butter,8,1,169,0.02055
FNO-VLA_sv_ep5,28.9M,6,butter,9,1,201,0.03027
FNO-VLA_sv_ep5,28.9M,6,butter,10,1,177,0.02282
FNO-VLA_sv_ep5,28.9M,6,butter,11,1,163,0.02146
FNO-VLA_sv_ep5,28.9M,6,butter,12,1,179,0.02256
FNO-VLA_sv_ep5,28.9M,6,butter,13,1,162,0.01997
FNO-VLA_sv_ep5,28.9M,6,butter,14,1,178,0.02375
FNO-VLA_sv_ep5,28.9M,6,butter,15,1,151,0.01993
FNO-VLA_sv_ep5,28.9M,6,butter,16,0,400,0.03836
FNO-VLA_sv_ep5,28.9M,6,butter,17,1,170,0.02193
FNO-VLA_sv_ep5,28.9M,6,butter,18,1,161,0.02183
FNO-VLA_sv_ep5,28.9M,6,butter,19,1,195,0.02203
FNO-VLA_sv_ep5,28.9M,7,milk,0,1,170,0.02498
FNO-VLA_sv_ep5,28.9M,7,milk,1,1,147,0.01727
FNO-VLA_sv_ep5,28.9M,7,milk,2,1,155,0.01606
FNO-VLA_sv_ep5,28.9M,7,milk,3,1,148,0.01587
FNO-VLA_sv_ep5,28.9M,7,milk,4,1,176,0.01927
FNO-VLA_sv_ep5,28.9M,7,milk,5,1,147,0.01688
FNO-VLA_sv_ep5,28.9M,7,milk,6,1,142,0.01531
FNO-VLA_sv_ep5,28.9M,7,milk,7,1,146,0.01667
FNO-VLA_sv_ep5,28.9M,7,milk,8,1,146,0.01563
FNO-VLA_sv_ep5,28.9M,7,milk,9,1,145,0.01757
FNO-VLA_sv_ep5,28.9M,7,milk,10,1,149,0.01477
FNO-VLA_sv_ep5,28.9M,7,milk,11,1,142,0.01625
FNO-VLA_sv_ep5,28.9M,7,milk,12,1,140,0.01693
FNO-VLA_sv_ep5,28.9M,7,milk,13,1,151,0.01425
FNO-VLA_sv_ep5,28.9M,7,milk,14,1,178,0.02272
FNO-VLA_sv_ep5,28.9M,7,milk,15,0,400,0.03237
FNO-VLA_sv_ep5,28.9M,7,milk,16,1,148,0.01445
FNO-VLA_sv_ep5,28.9M,7,milk,17,1,145,0.01687
FNO-VLA_sv_ep5,28.9M,7,milk,18,0,400,0.03241
FNO-VLA_sv_ep5,28.9M,7,milk,19,1,143,0.01594
FNO-VLA_sv_ep5,28.9M,8,chocolate_pudding,0,1,199,0.01883
FNO-VLA_sv_ep5,28.9M,8,chocolate_pudding,1,1,160,0.02083
FNO-VLA_sv_ep5,28.9M,8,chocolate_pudding,2,1,152,0.01596
FNO-VLA_sv_ep5,28.9M,8,chocolate_pudding,3,1,198,0.02077
FNO-VLA_sv_ep5,28.9M,8,chocolate_pudding,4,1,202,0.01964
FNO-VLA_sv_ep5,28.9M,8,chocolate_pudding,5,1,152,0.01756
FNO-VLA_sv_ep5,28.9M,8,chocolate_pudding,6,1,151,0.01821
FNO-VLA_sv_ep5,28.9M,8,chocolate_pudding,7,1,154,0.01597
FNO-VLA_sv_ep5,28.9M,8,chocolate_pudding,8,0,400,0.02959
FNO-VLA_sv_ep5,28.9M,8,chocolate_pudding,9,1,152,0.01849
FNO-VLA_sv_ep5,28.9M,8,chocolate_pudding,10,1,152,0.01806
FNO-VLA_sv_ep5,28.9M,8,chocolate_pudding,11,1,161,0.02019
FNO-VLA_sv_ep5,28.9M,8,chocolate_pudding,12,1,279,0.02684
FNO-VLA_sv_ep5,28.9M,8,chocolate_pudding,13,1,152,0.01892
FNO-VLA_sv_ep5,28.9M,8,chocolate_pudding,14,1,152,0.0182
FNO-VLA_sv_ep5,28.9M,8,chocolate_pudding,15,1,160,0.016
FNO-VLA_sv_ep5,28.9M,8,chocolate_pudding,16,1,152,0.01724
FNO-VLA_sv_ep5,28.9M,8,chocolate_pudding,17,1,202,0.02195
FNO-VLA_sv_ep5,28.9M,8,chocolate_pudding,18,1,160,0.01543
FNO-VLA_sv_ep5,28.9M,8,chocolate_pudding,19,1,153,0.01951
FNO-VLA_sv_ep5,28.9M,9,orange_juice,0,1,107,0.01627
FNO-VLA_sv_ep5,28.9M,9,orange_juice,1,0,400,0.03511
FNO-VLA_sv_ep5,28.9M,9,orange_juice,2,1,138,0.01794
FNO-VLA_sv_ep5,28.9M,9,orange_juice,3,1,127,0.016
FNO-VLA_sv_ep5,28.9M,9,orange_juice,4,1,131,0.0149
FNO-VLA_sv_ep5,28.9M,9,orange_juice,5,1,171,0.02288
FNO-VLA_sv_ep5,28.9M,9,orange_juice,6,0,400,0.03926
FNO-VLA_sv_ep5,28.9M,9,orange_juice,7,1,130,0.01611
FNO-VLA_sv_ep5,28.9M,9,orange_juice,8,1,124,0.01526
FNO-VLA_sv_ep5,28.9M,9,orange_juice,9,0,400,0.03819
FNO-VLA_sv_ep5,28.9M,9,orange_juice,10,1,163,0.02266
FNO-VLA_sv_ep5,28.9M,9,orange_juice,11,1,125,0.01584
FNO-VLA_sv_ep5,28.9M,9,orange_juice,12,1,131,0.01624
FNO-VLA_sv_ep5,28.9M,9,orange_juice,13,1,129,0.01461
FNO-VLA_sv_ep5,28.9M,9,orange_juice,14,1,125,0.01539
FNO-VLA_sv_ep5,28.9M,9,orange_juice,15,1,124,0.01528
FNO-VLA_sv_ep5,28.9M,9,orange_juice,16,1,123,0.01542
FNO-VLA_sv_ep5,28.9M,9,orange_juice,17,1,122,0.01441
FNO-VLA_sv_ep5,28.9M,9,orange_juice,18,1,129,0.01457
FNO-VLA_sv_ep5,28.9M,9,orange_juice,19,1,169,0.02219
FNO-VLA_sv_ep10,28.9M,0,alphabet_soup,0,1,236,0.02816
FNO-VLA_sv_ep10,28.9M,0,alphabet_soup,1,1,209,0.02349
FNO-VLA_sv_ep10,28.9M,0,alphabet_soup,2,1,190,0.0209
FNO-VLA_sv_ep10,28.9M,0,alphabet_soup,3,1,208,0.02163
FNO-VLA_sv_ep10,28.9M,0,alphabet_soup,4,1,183,0.02087
FNO-VLA_sv_ep10,28.9M,0,alphabet_soup,5,1,134,0.01627
FNO-VLA_sv_ep10,28.9M,0,alphabet_soup,6,1,192,0.02396
FNO-VLA_sv_ep10,28.9M,0,alphabet_soup,7,1,176,0.0196
FNO-VLA_sv_ep10,28.9M,0,alphabet_soup,8,1,176,0.02068
FNO-VLA_sv_ep10,28.9M,0,alphabet_soup,9,0,400,0.0333
FNO-VLA_sv_ep10,28.9M,0,alphabet_soup,10,1,225,0.02417
FNO-VLA_sv_ep10,28.9M,0,alphabet_soup,11,1,208,0.02716
FNO-VLA_sv_ep10,28.9M,0,alphabet_soup,12,1,225,0.0226
FNO-VLA_sv_ep10,28.9M,0,alphabet_soup,13,1,213,0.02382
FNO-VLA_sv_ep10,28.9M,0,alphabet_soup,14,1,139,0.02136
FNO-VLA_sv_ep10,28.9M,0,alphabet_soup,15,1,246,0.02897
FNO-VLA_sv_ep10,28.9M,0,alphabet_soup,16,1,174,0.01981
FNO-VLA_sv_ep10,28.9M,0,alphabet_soup,17,0,400,0.0326
FNO-VLA_sv_ep10,28.9M,0,alphabet_soup,18,1,147,0.02301
FNO-VLA_sv_ep10,28.9M,0,alphabet_soup,19,1,186,0.02198
FNO-VLA_sv_ep10,28.9M,1,cream_cheese,0,0,400,0.03251
FNO-VLA_sv_ep10,28.9M,1,cream_cheese,1,0,400,0.036
FNO-VLA_sv_ep10,28.9M,1,cream_cheese,2,1,179,0.02163
FNO-VLA_sv_ep10,28.9M,1,cream_cheese,3,0,400,0.03758
FNO-VLA_sv_ep10,28.9M,1,cream_cheese,4,1,172,0.02212
FNO-VLA_sv_ep10,28.9M,1,cream_cheese,5,0,400,0.0397
FNO-VLA_sv_ep10,28.9M,1,cream_cheese,6,0,400,0.03903
FNO-VLA_sv_ep10,28.9M,1,cream_cheese,7,0,400,0.04284
FNO-VLA_sv_ep10,28.9M,1,cream_cheese,8,0,400,0.04382
FNO-VLA_sv_ep10,28.9M,1,cream_cheese,9,1,170,0.02103
FNO-VLA_sv_ep10,28.9M,1,cream_cheese,10,0,400,0.03357
FNO-VLA_sv_ep10,28.9M,1,cream_cheese,11,1,166,0.01936
FNO-VLA_sv_ep10,28.9M,1,cream_cheese,12,0,400,0.03531
FNO-VLA_sv_ep10,28.9M,1,cream_cheese,13,1,180,0.02191
FNO-VLA_sv_ep10,28.9M,1,cream_cheese,14,0,400,0.03285
FNO-VLA_sv_ep10,28.9M,1,cream_cheese,15,0,400,0.04134
FNO-VLA_sv_ep10,28.9M,1,cream_cheese,16,0,400,0.0274
FNO-VLA_sv_ep10,28.9M,1,cream_cheese,17,0,400,0.03765
FNO-VLA_sv_ep10,28.9M,1,cream_cheese,18,0,400,0.04104
FNO-VLA_sv_ep10,28.9M,1,cream_cheese,19,1,188,0.02144
FNO-VLA_sv_ep10,28.9M,2,salad_dressing,0,1,171,0.02033
FNO-VLA_sv_ep10,28.9M,2,salad_dressing,1,1,182,0.02077
FNO-VLA_sv_ep10,28.9M,2,salad_dressing,2,1,127,0.01802
FNO-VLA_sv_ep10,28.9M,2,salad_dressing,3,1,125,0.01773
FNO-VLA_sv_ep10,28.9M,2,salad_dressing,4,0,400,0.03744
FNO-VLA_sv_ep10,28.9M,2,salad_dressing,5,1,128,0.01779
FNO-VLA_sv_ep10,28.9M,2,salad_dressing,6,1,126,0.01776
FNO-VLA_sv_ep10,28.9M,2,salad_dressing,7,1,135,0.01836
FNO-VLA_sv_ep10,28.9M,2,salad_dressing,8,1,136,0.01765
FNO-VLA_sv_ep10,28.9M,2,salad_dressing,9,1,127,0.01754
FNO-VLA_sv_ep10,28.9M,2,salad_dressing,10,1,170,0.01994
FNO-VLA_sv_ep10,28.9M,2,salad_dressing,11,1,127,0.0171
FNO-VLA_sv_ep10,28.9M,2,salad_dressing,12,1,128,0.017
FNO-VLA_sv_ep10,28.9M,2,salad_dressing,13,1,173,0.02037
FNO-VLA_sv_ep10,28.9M,2,salad_dressing,14,1,132,0.01723
FNO-VLA_sv_ep10,28.9M,2,salad_dressing,15,1,130,0.0182
FNO-VLA_sv_ep10,28.9M,2,salad_dressing,16,1,129,0.01738
FNO-VLA_sv_ep10,28.9M,2,salad_dressing,17,1,133,0.01932
FNO-VLA_sv_ep10,28.9M,2,salad_dressing,18,1,172,0.02236
FNO-VLA_sv_ep10,28.9M,2,salad_dressing,19,1,132,0.0169
FNO-VLA_sv_ep10,28.9M,3,bbq_sauce,0,0,400,0.03541
FNO-VLA_sv_ep10,28.9M,3,bbq_sauce,1,0,400,0.03479
FNO-VLA_sv_ep10,28.9M,3,bbq_sauce,2,1,184,0.01991
FNO-VLA_sv_ep10,28.9M,3,bbq_sauce,3,0,400,0.03808
FNO-VLA_sv_ep10,28.9M,3,bbq_sauce,4,0,400,0.03724
FNO-VLA_sv_ep10,28.9M,3,bbq_sauce,5,0,400,0.03496
FNO-VLA_sv_ep10,28.9M,3,bbq_sauce,6,0,400,0.03486
FNO-VLA_sv_ep10,28.9M,3,bbq_sauce,7,0,400,0.03947
FNO-VLA_sv_ep10,28.9M,3,bbq_sauce,8,0,400,0.03741
FNO-VLA_sv_ep10,28.9M,3,bbq_sauce,9,0,400,0.03593
FNO-VLA_sv_ep10,28.9M,3,bbq_sauce,10,0,400,0.0357
FNO-VLA_sv_ep10,28.9M,3,bbq_sauce,11,0,400,0.03783
FNO-VLA_sv_ep10,28.9M,3,bbq_sauce,12,0,400,0.03726
FNO-VLA_sv_ep10,28.9M,3,bbq_sauce,13,0,400,0.03666
FNO-VLA_sv_ep10,28.9M,3,bbq_sauce,14,0,400,0.03423
FNO-VLA_sv_ep10,28.9M,3,bbq_sauce,15,0,400,0.03587
FNO-VLA_sv_ep10,28.9M,3,bbq_sauce,16,0,400,0.03131
FNO-VLA_sv_ep10,28.9M,3,bbq_sauce,17,0,400,0.03609
FNO-VLA_sv_ep10,28.9M,3,bbq_sauce,18,0,400,0.03435
FNO-VLA_sv_ep10,28.9M,3,bbq_sauce,19,0,400,0.03506
FNO-VLA_sv_ep10,28.9M,4,ketchup,0,0,400,0.02969
FNO-VLA_sv_ep10,28.9M,4,ketchup,1,0,400,0.03602
FNO-VLA_sv_ep10,28.9M,4,ketchup,2,1,209,0.02248
FNO-VLA_sv_ep10,28.9M,4,ketchup,3,1,250,0.02171
FNO-VLA_sv_ep10,28.9M,4,ketchup,4,0,400,0.0324
FNO-VLA_sv_ep10,28.9M,4,ketchup,5,1,329,0.02747
FNO-VLA_sv_ep10,28.9M,4,ketchup,6,1,198,0.02056
FNO-VLA_sv_ep10,28.9M,4,ketchup,7,0,400,0.02685
FNO-VLA_sv_ep10,28.9M,4,ketchup,8,0,400,0.03098
FNO-VLA_sv_ep10,28.9M,4,ketchup,9,0,400,0.03028
FNO-VLA_sv_ep10,28.9M,4,ketchup,10,0,400,0.0294
FNO-VLA_sv_ep10,28.9M,4,ketchup,11,1,203,0.02183
FNO-VLA_sv_ep10,28.9M,4,ketchup,12,0,400,0.02981
FNO-VLA_sv_ep10,28.9M,4,ketchup,13,0,400,0.02698
FNO-VLA_sv_ep10,28.9M,4,ketchup,14,0,400,0.02734
FNO-VLA_sv_ep10,28.9M,4,ketchup,15,0,400,0.02671
FNO-VLA_sv_ep10,28.9M,4,ketchup,16,0,400,0.02684
FNO-VLA_sv_ep10,28.9M,4,ketchup,17,0,400,0.02845
FNO-VLA_sv_ep10,28.9M,4,ketchup,18,0,400,0.02746
FNO-VLA_sv_ep10,28.9M,4,ketchup,19,0,400,0.02367
FNO-VLA_sv_ep10,28.9M,5,tomato_sauce,0,0,400,0.03689
FNO-VLA_sv_ep10,28.9M,5,tomato_sauce,1,1,267,0.03118
FNO-VLA_sv_ep10,28.9M,5,tomato_sauce,2,1,266,0.03159
FNO-VLA_sv_ep10,28.9M,5,tomato_sauce,3,0,400,0.03701
FNO-VLA_sv_ep10,28.9M,5,tomato_sauce,4,0,400,0.02793
FNO-VLA_sv_ep10,28.9M,5,tomato_sauce,5,0,400,0.03584
FNO-VLA_sv_ep10,28.9M,5,tomato_sauce,6,0,400,0.03387
FNO-VLA_sv_ep10,28.9M,5,tomato_sauce,7,1,189,0.02693
FNO-VLA_sv_ep10,28.9M,5,tomato_sauce,8,1,229,0.03644
FNO-VLA_sv_ep10,28.9M,5,tomato_sauce,9,0,400,0.03636
FNO-VLA_sv_ep10,28.9M,5,tomato_sauce,10,1,153,0.02917
FNO-VLA_sv_ep10,28.9M,5,tomato_sauce,11,1,172,0.02612
FNO-VLA_sv_ep10,28.9M,5,tomato_sauce,12,0,400,0.03159
FNO-VLA_sv_ep10,28.9M,5,tomato_sauce,13,0,400,0.04196
FNO-VLA_sv_ep10,28.9M,5,tomato_sauce,14,0,400,0.03369
FNO-VLA_sv_ep10,28.9M,5,tomato_sauce,15,0,400,0.03841
FNO-VLA_sv_ep10,28.9M,5,tomato_sauce,16,0,400,0.02693
FNO-VLA_sv_ep10,28.9M,5,tomato_sauce,17,0,400,0.03759
FNO-VLA_sv_ep10,28.9M,5,tomato_sauce,18,1,156,0.02822
FNO-VLA_sv_ep10,28.9M,5,tomato_sauce,19,0,400,0.0369
FNO-VLA_sv_ep10,28.9M,6,butter,0,1,168,0.02262
FNO-VLA_sv_ep10,28.9M,6,butter,1,1,168,0.01908
FNO-VLA_sv_ep10,28.9M,6,butter,2,1,160,0.0194
FNO-VLA_sv_ep10,28.9M,6,butter,3,0,400,0.03952
FNO-VLA_sv_ep10,28.9M,6,butter,4,1,160,0.02245
FNO-VLA_sv_ep10,28.9M,6,butter,5,1,194,0.02777
FNO-VLA_sv_ep10,28.9M,6,butter,6,1,181,0.02271
FNO-VLA_sv_ep10,28.9M,6,butter,7,1,151,0.0228
FNO-VLA_sv_ep10,28.9M,6,butter,8,1,162,0.01902
FNO-VLA_sv_ep10,28.9M,6,butter,9,0,400,0.0347
FNO-VLA_sv_ep10,28.9M,6,butter,10,1,179,0.02302
FNO-VLA_sv_ep10,28.9M,6,butter,11,1,164,0.02165
FNO-VLA_sv_ep10,28.9M,6,butter,12,1,159,0.02057
FNO-VLA_sv_ep10,28.9M,6,butter,13,1,160,0.02023
FNO-VLA_sv_ep10,28.9M,6,butter,14,1,209,0.02651
FNO-VLA_sv_ep10,28.9M,6,butter,15,1,160,0.0181
FNO-VLA_sv_ep10,28.9M,6,butter,16,1,282,0.02927
FNO-VLA_sv_ep10,28.9M,6,butter,17,1,209,0.02534
FNO-VLA_sv_ep10,28.9M,6,butter,18,1,203,0.02712
FNO-VLA_sv_ep10,28.9M,6,butter,19,0,400,0.03945
FNO-VLA_sv_ep10,28.9M,7,milk,0,1,169,0.02138
FNO-VLA_sv_ep10,28.9M,7,milk,1,1,148,0.01622
FNO-VLA_sv_ep10,28.9M,7,milk,2,1,154,0.01397
FNO-VLA_sv_ep10,28.9M,7,milk,3,1,149,0.01633
FNO-VLA_sv_ep10,28.9M,7,milk,4,1,176,0.02013
FNO-VLA_sv_ep10,28.9M,7,milk,5,1,146,0.01641
FNO-VLA_sv_ep10,28.9M,7,milk,6,1,150,0.01572
FNO-VLA_sv_ep10,28.9M,7,milk,7,1,146,0.01637
FNO-VLA_sv_ep10,28.9M,7,milk,8,1,150,0.01623
FNO-VLA_sv_ep10,28.9M,7,milk,9,1,144,0.01636
FNO-VLA_sv_ep10,28.9M,7,milk,10,1,150,0.0146
FNO-VLA_sv_ep10,28.9M,7,milk,11,0,400,0.03003
FNO-VLA_sv_ep10,28.9M,7,milk,12,1,177,0.01914
FNO-VLA_sv_ep10,28.9M,7,milk,13,1,150,0.01332
FNO-VLA_sv_ep10,28.9M,7,milk,14,1,187,0.02003
FNO-VLA_sv_ep10,28.9M,7,milk,15,1,142,0.01478
FNO-VLA_sv_ep10,28.9M,7,milk,16,1,149,0.0161
FNO-VLA_sv_ep10,28.9M,7,milk,17,1,145,0.01566
FNO-VLA_sv_ep10,28.9M,7,milk,18,1,173,0.01938
FNO-VLA_sv_ep10,28.9M,7,milk,19,1,142,0.0165
FNO-VLA_sv_ep10,28.9M,8,chocolate_pudding,0,1,198,0.01986
FNO-VLA_sv_ep10,28.9M,8,chocolate_pudding,1,1,160,0.01609
FNO-VLA_sv_ep10,28.9M,8,chocolate_pudding,2,1,201,0.02064
FNO-VLA_sv_ep10,28.9M,8,chocolate_pudding,3,1,200,0.01978
FNO-VLA_sv_ep10,28.9M,8,chocolate_pudding,4,1,202,0.01936
FNO-VLA_sv_ep10,28.9M,8,chocolate_pudding,5,1,210,0.02121
FNO-VLA_sv_ep10,28.9M,8,chocolate_pudding,6,1,210,0.0201
FNO-VLA_sv_ep10,28.9M,8,chocolate_pudding,7,1,158,0.01645
FNO-VLA_sv_ep10,28.9M,8,chocolate_pudding,8,1,162,0.01869
FNO-VLA_sv_ep10,28.9M,8,chocolate_pudding,9,1,152,0.01677
FNO-VLA_sv_ep10,28.9M,8,chocolate_pudding,10,1,152,0.01738
FNO-VLA_sv_ep10,28.9M,8,chocolate_pudding,11,1,161,0.0199
FNO-VLA_sv_ep10,28.9M,8,chocolate_pudding,12,1,210,0.02334
FNO-VLA_sv_ep10,28.9M,8,chocolate_pudding,13,1,152,0.0178
FNO-VLA_sv_ep10,28.9M,8,chocolate_pudding,14,1,152,0.01704
FNO-VLA_sv_ep10,28.9M,8,chocolate_pudding,15,0,400,0.04176
FNO-VLA_sv_ep10,28.9M,8,chocolate_pudding,16,1,158,0.01753
FNO-VLA_sv_ep10,28.9M,8,chocolate_pudding,17,1,210,0.02221
FNO-VLA_sv_ep10,28.9M,8,chocolate_pudding,18,1,200,0.01991
FNO-VLA_sv_ep10,28.9M,8,chocolate_pudding,19,1,216,0.02145
FNO-VLA_sv_ep10,28.9M,9,orange_juice,0,0,400,0.03948
FNO-VLA_sv_ep10,28.9M,9,orange_juice,1,1,128,0.01737
FNO-VLA_sv_ep10,28.9M,9,orange_juice,2,1,135,0.02278
FNO-VLA_sv_ep10,28.9M,9,orange_juice,3,0,400,0.03494
FNO-VLA_sv_ep10,28.9M,9,orange_juice,4,1,130,0.01671
FNO-VLA_sv_ep10,28.9M,9,orange_juice,5,1,180,0.02416
FNO-VLA_sv_ep10,28.9M,9,orange_juice,6,0,400,0.03115
FNO-VLA_sv_ep10,28.9M,9,orange_juice,7,0,400,0.02716
FNO-VLA_sv_ep10,28.9M,9,orange_juice,8,1,168,0.02253
FNO-VLA_sv_ep10,28.9M,9,orange_juice,9,0,400,0.03744
FNO-VLA_sv_ep10,28.9M,9,orange_juice,10,1,174,0.02248
FNO-VLA_sv_ep10,28.9M,9,orange_juice,11,1,128,0.01488
FNO-VLA_sv_ep10,28.9M,9,orange_juice,12,1,131,0.01882
FNO-VLA_sv_ep10,28.9M,9,orange_juice,13,1,131,0.01632
FNO-VLA_sv_ep10,28.9M,9,orange_juice,14,1,175,0.02153
FNO-VLA_sv_ep10,28.9M,9,orange_juice,15,0,400,0.0325
FNO-VLA_sv_ep10,28.9M,9,orange_juice,16,1,128,0.01581
FNO-VLA_sv_ep10,28.9M,9,orange_juice,17,1,165,0.02248
FNO-VLA_sv_ep10,28.9M,9,orange_juice,18,1,163,0.024
FNO-VLA_sv_ep10,28.9M,9,orange_juice,19,0,400,0.04053
FNO-VLA_sv_ep44,28.9M,0,alphabet_soup,0,1,206,0.02599
FNO-VLA_sv_ep44,28.9M,0,alphabet_soup,1,1,207,0.02421
FNO-VLA_sv_ep44,28.9M,0,alphabet_soup,2,1,232,0.0304
FNO-VLA_sv_ep44,28.9M,0,alphabet_soup,3,1,210,0.02391
FNO-VLA_sv_ep44,28.9M,0,alphabet_soup,4,1,259,0.02715
FNO-VLA_sv_ep44,28.9M,0,alphabet_soup,5,1,210,0.0311
FNO-VLA_sv_ep44,28.9M,0,alphabet_soup,6,0,400,0.03406
FNO-VLA_sv_ep44,28.9M,0,alphabet_soup,7,1,156,0.02256
FNO-VLA_sv_ep44,28.9M,0,alphabet_soup,8,1,128,0.02006
FNO-VLA_sv_ep44,28.9M,0,alphabet_soup,9,1,194,0.02074
FNO-VLA_sv_ep44,28.9M,0,alphabet_soup,10,1,213,0.02695
FNO-VLA_sv_ep44,28.9M,0,alphabet_soup,11,1,216,0.02997
FNO-VLA_sv_ep44,28.9M,0,alphabet_soup,12,1,210,0.0297
FNO-VLA_sv_ep44,28.9M,0,alphabet_soup,13,1,203,0.02851
FNO-VLA_sv_ep44,28.9M,0,alphabet_soup,14,1,144,0.021
FNO-VLA_sv_ep44,28.9M,0,alphabet_soup,15,0,400,0.0396
FNO-VLA_sv_ep44,28.9M,0,alphabet_soup,16,1,167,0.02285
FNO-VLA_sv_ep44,28.9M,0,alphabet_soup,17,1,212,0.02717
FNO-VLA_sv_ep44,28.9M,0,alphabet_soup,18,1,189,0.02345
FNO-VLA_sv_ep44,28.9M,0,alphabet_soup,19,1,214,0.02423
FNO-VLA_sv_ep44,28.9M,1,cream_cheese,0,1,179,0.02555
FNO-VLA_sv_ep44,28.9M,1,cream_cheese,1,1,189,0.02406
FNO-VLA_sv_ep44,28.9M,1,cream_cheese,2,1,149,0.02078
FNO-VLA_sv_ep44,28.9M,1,cream_cheese,3,0,400,0.03749
FNO-VLA_sv_ep44,28.9M,1,cream_cheese,4,0,400,0.04226
FNO-VLA_sv_ep44,28.9M,1,cream_cheese,5,0,400,0.03462
FNO-VLA_sv_ep44,28.9M,1,cream_cheese,6,0,400,0.04284
FNO-VLA_sv_ep44,28.9M,1,cream_cheese,7,0,400,0.04534
FNO-VLA_sv_ep44,28.9M,1,cream_cheese,8,0,400,0.03958
FNO-VLA_sv_ep44,28.9M,1,cream_cheese,9,0,400,0.03706
FNO-VLA_sv_ep44,28.9M,1,cream_cheese,10,0,400,0.03481
FNO-VLA_sv_ep44,28.9M,1,cream_cheese,11,0,400,0.0388
FNO-VLA_sv_ep44,28.9M,1,cream_cheese,12,1,155,0.02085
FNO-VLA_sv_ep44,28.9M,1,cream_cheese,13,0,400,0.03932
FNO-VLA_sv_ep44,28.9M,1,cream_cheese,14,1,160,0.02122
FNO-VLA_sv_ep44,28.9M,1,cream_cheese,15,0,400,0.03168
FNO-VLA_sv_ep44,28.9M,1,cream_cheese,16,1,154,0.01876
FNO-VLA_sv_ep44,28.9M,1,cream_cheese,17,0,400,0.03422
FNO-VLA_sv_ep44,28.9M,1,cream_cheese,18,0,400,0.03695
FNO-VLA_sv_ep44,28.9M,1,cream_cheese,19,0,400,0.03568
FNO-VLA_sv_ep44,28.9M,2,salad_dressing,0,1,128,0.01725
FNO-VLA_sv_ep44,28.9M,2,salad_dressing,1,1,198,0.02173
FNO-VLA_sv_ep44,28.9M,2,salad_dressing,2,1,136,0.01822
FNO-VLA_sv_ep44,28.9M,2,salad_dressing,3,1,126,0.0196
FNO-VLA_sv_ep44,28.9M,2,salad_dressing,4,1,198,0.02365
FNO-VLA_sv_ep44,28.9M,2,salad_dressing,5,1,119,0.01701
FNO-VLA_sv_ep44,28.9M,2,salad_dressing,6,1,119,0.01761
FNO-VLA_sv_ep44,28.9M,2,salad_dressing,7,1,128,0.01777
FNO-VLA_sv_ep44,28.9M,2,salad_dressing,8,1,140,0.0169
FNO-VLA_sv_ep44,28.9M,2,salad_dressing,9,1,126,0.0188
FNO-VLA_sv_ep44,28.9M,2,salad_dressing,10,1,134,0.01868
FNO-VLA_sv_ep44,28.9M,2,salad_dressing,11,1,123,0.01897
FNO-VLA_sv_ep44,28.9M,2,salad_dressing,12,1,135,0.02005
FNO-VLA_sv_ep44,28.9M,2,salad_dressing,13,1,134,0.01993
FNO-VLA_sv_ep44,28.9M,2,salad_dressing,14,1,127,0.01715
FNO-VLA_sv_ep44,28.9M,2,salad_dressing,15,1,165,0.02174
FNO-VLA_sv_ep44,28.9M,2,salad_dressing,16,1,122,0.01854
FNO-VLA_sv_ep44,28.9M,2,salad_dressing,17,1,127,0.01581
FNO-VLA_sv_ep44,28.9M,2,salad_dressing,18,1,128,0.01692
FNO-VLA_sv_ep44,28.9M,2,salad_dressing,19,1,142,0.01944
FNO-VLA_sv_ep44,28.9M,3,bbq_sauce,0,0,400,0.03347
FNO-VLA_sv_ep44,28.9M,3,bbq_sauce,1,0,400,0.03813
FNO-VLA_sv_ep44,28.9M,3,bbq_sauce,2,0,400,0.03334
FNO-VLA_sv_ep44,28.9M,3,bbq_sauce,3,0,400,0.03356
FNO-VLA_sv_ep44,28.9M,3,bbq_sauce,4,0,400,0.0355
FNO-VLA_sv_ep44,28.9M,3,bbq_sauce,5,0,400,0.03407
FNO-VLA_sv_ep44,28.9M,3,bbq_sauce,6,0,400,0.03333
FNO-VLA_sv_ep44,28.9M,3,bbq_sauce,7,0,400,0.03347
FNO-VLA_sv_ep44,28.9M,3,bbq_sauce,8,0,400,0.03868
FNO-VLA_sv_ep44,28.9M,3,bbq_sauce,9,0,400,0.03204
FNO-VLA_sv_ep44,28.9M,3,bbq_sauce,10,0,400,0.03458
FNO-VLA_sv_ep44,28.9M,3,bbq_sauce,11,0,400,0.03536
FNO-VLA_sv_ep44,28.9M,3,bbq_sauce,12,0,400,0.03659
FNO-VLA_sv_ep44,28.9M,3,bbq_sauce,13,0,400,0.0333
FNO-VLA_sv_ep44,28.9M,3,bbq_sauce,14,1,146,0.01914
FNO-VLA_sv_ep44,28.9M,3,bbq_sauce,15,0,400,0.03277
FNO-VLA_sv_ep44,28.9M,3,bbq_sauce,16,1,138,0.01867
FNO-VLA_sv_ep44,28.9M,3,bbq_sauce,17,0,400,0.03241
FNO-VLA_sv_ep44,28.9M,3,bbq_sauce,18,0,400,0.03432
FNO-VLA_sv_ep44,28.9M,3,bbq_sauce,19,0,400,0.03224
FNO-VLA_sv_ep44,28.9M,4,ketchup,0,1,258,0.02185
FNO-VLA_sv_ep44,28.9M,4,ketchup,1,1,226,0.023
FNO-VLA_sv_ep44,28.9M,4,ketchup,2,0,400,0.02908
FNO-VLA_sv_ep44,28.9M,4,ketchup,3,0,400,0.02583
FNO-VLA_sv_ep44,28.9M,4,ketchup,4,0,400,0.0294
FNO-VLA_sv_ep44,28.9M,4,ketchup,5,0,400,0.03012
FNO-VLA_sv_ep44,28.9M,4,ketchup,6,1,269,0.02351
FNO-VLA_sv_ep44,28.9M,4,ketchup,7,0,400,0.03103
FNO-VLA_sv_ep44,28.9M,4,ketchup,8,0,400,0.02777
FNO-VLA_sv_ep44,28.9M,4,ketchup,9,1,187,0.02212
FNO-VLA_sv_ep44,28.9M,4,ketchup,10,1,166,0.02074
FNO-VLA_sv_ep44,28.9M,4,ketchup,11,1,165,0.02013
FNO-VLA_sv_ep44,28.9M,4,ketchup,12,0,400,0.03022
FNO-VLA_sv_ep44,28.9M,4,ketchup,13,0,400,0.0268
FNO-VLA_sv_ep44,28.9M,4,ketchup,14,0,400,0.02343
FNO-VLA_sv_ep44,28.9M,4,ketchup,15,0,400,0.02767
FNO-VLA_sv_ep44,28.9M,4,ketchup,16,0,400,0.02845
FNO-VLA_sv_ep44,28.9M,4,ketchup,17,0,400,0.02722
FNO-VLA_sv_ep44,28.9M,4,ketchup,18,0,400,0.02667
FNO-VLA_sv_ep44,28.9M,4,ketchup,19,0,400,0.02878
FNO-VLA_sv_ep44,28.9M,5,tomato_sauce,0,0,400,0.03771
FNO-VLA_sv_ep44,28.9M,5,tomato_sauce,1,0,400,0.03558
FNO-VLA_sv_ep44,28.9M,5,tomato_sauce,2,1,269,0.04083
FNO-VLA_sv_ep44,28.9M,5,tomato_sauce,3,0,400,0.02853
FNO-VLA_sv_ep44,28.9M,5,tomato_sauce,4,0,400,0.03768
FNO-VLA_sv_ep44,28.9M,5,tomato_sauce,5,0,400,0.02523
FNO-VLA_sv_ep44,28.9M,5,tomato_sauce,6,0,400,0.03868
FNO-VLA_sv_ep44,28.9M,5,tomato_sauce,7,0,400,0.0289
FNO-VLA_sv_ep44,28.9M,5,tomato_sauce,8,0,400,0.02603
FNO-VLA_sv_ep44,28.9M,5,tomato_sauce,9,0,400,0.03573
FNO-VLA_sv_ep44,28.9M,5,tomato_sauce,10,0,400,0.03368
FNO-VLA_sv_ep44,28.9M,5,tomato_sauce,11,1,151,0.02525
FNO-VLA_sv_ep44,28.9M,5,tomato_sauce,12,0,400,0.03065
FNO-VLA_sv_ep44,28.9M,5,tomato_sauce,13,0,400,0.03861
FNO-VLA_sv_ep44,28.9M,5,tomato_sauce,14,0,400,0.03706
FNO-VLA_sv_ep44,28.9M,5,tomato_sauce,15,1,159,0.03379
FNO-VLA_sv_ep44,28.9M,5,tomato_sauce,16,0,400,0.03818
FNO-VLA_sv_ep44,28.9M,5,tomato_sauce,17,0,400,0.03375
FNO-VLA_sv_ep44,28.9M,5,tomato_sauce,18,0,400,0.03213
FNO-VLA_sv_ep44,28.9M,5,tomato_sauce,19,0,400,0.04169
FNO-VLA_sv_ep44,28.9M,6,butter,0,1,161,0.02097
FNO-VLA_sv_ep44,28.9M,6,butter,1,1,160,0.02107
FNO-VLA_sv_ep44,28.9M,6,butter,2,1,161,0.01996
FNO-VLA_sv_ep44,28.9M,6,butter,3,0,400,0.03689
FNO-VLA_sv_ep44,28.9M,6,butter,4,1,144,0.022
FNO-VLA_sv_ep44,28.9M,6,butter,5,1,154,0.02025
FNO-VLA_sv_ep44,28.9M,6,butter,6,1,160,0.0194
FNO-VLA_sv_ep44,28.9M,6,butter,7,1,153,0.0224
FNO-VLA_sv_ep44,28.9M,6,butter,8,1,159,0.01833
FNO-VLA_sv_ep44,28.9M,6,butter,9,1,160,0.01909
FNO-VLA_sv_ep44,28.9M,6,butter,10,0,400,0.03441
FNO-VLA_sv_ep44,28.9M,6,butter,11,1,163,0.01803
FNO-VLA_sv_ep44,28.9M,6,butter,12,1,159,0.01956
FNO-VLA_sv_ep44,28.9M,6,butter,13,1,161,0.02101
FNO-VLA_sv_ep44,28.9M,6,butter,14,1,159,0.01934
FNO-VLA_sv_ep44,28.9M,6,butter,15,1,152,0.02104
FNO-VLA_sv_ep44,28.9M,6,butter,16,1,160,0.0217
FNO-VLA_sv_ep44,28.9M,6,butter,17,1,160,0.0186
FNO-VLA_sv_ep44,28.9M,6,butter,18,1,153,0.0208
FNO-VLA_sv_ep44,28.9M,6,butter,19,1,160,0.01894
FNO-VLA_sv_ep44,28.9M,7,milk,0,0,400,0.03863
FNO-VLA_sv_ep44,28.9M,7,milk,1,1,148,0.01583
FNO-VLA_sv_ep44,28.9M,7,milk,2,1,147,0.01806
FNO-VLA_sv_ep44,28.9M,7,milk,3,1,146,0.01547
FNO-VLA_sv_ep44,28.9M,7,milk,4,0,400,0.03937
FNO-VLA_sv_ep44,28.9M,7,milk,5,1,148,0.01564
FNO-VLA_sv_ep44,28.9M,7,milk,6,1,149,0.01614
FNO-VLA_sv_ep44,28.9M,7,milk,7,1,142,0.01771
FNO-VLA_sv_ep44,28.9M,7,milk,8,0,400,0.03641
FNO-VLA_sv_ep44,28.9M,7,milk,9,1,147,0.01838
FNO-VLA_sv_ep44,28.9M,7,milk,10,1,146,0.01716
FNO-VLA_sv_ep44,28.9M,7,milk,11,0,400,0.03796
FNO-VLA_sv_ep44,28.9M,7,milk,12,0,400,0.03717
FNO-VLA_sv_ep44,28.9M,7,milk,13,1,145,0.01507
FNO-VLA_sv_ep44,28.9M,7,milk,14,0,400,0.03845
FNO-VLA_sv_ep44,28.9M,7,milk,15,1,146,0.01684
FNO-VLA_sv_ep44,28.9M,7,milk,16,1,146,0.01606
FNO-VLA_sv_ep44,28.9M,7,milk,17,1,145,0.01562
FNO-VLA_sv_ep44,28.9M,7,milk,18,0,400,0.03902
FNO-VLA_sv_ep44,28.9M,7,milk,19,1,144,0.01578
FNO-VLA_sv_ep44,28.9M,8,chocolate_pudding,0,1,150,0.01644
FNO-VLA_sv_ep44,28.9M,8,chocolate_pudding,1,1,160,0.01446
FNO-VLA_sv_ep44,28.9M,8,chocolate_pudding,2,0,400,0.0382
FNO-VLA_sv_ep44,28.9M,8,chocolate_pudding,3,1,331,0.02395
FNO-VLA_sv_ep44,28.9M,8,chocolate_pudding,4,1,202,0.01758
FNO-VLA_sv_ep44,28.9M,8,chocolate_pudding,5,0,400,0.03868
FNO-VLA_sv_ep44,28.9M,8,chocolate_pudding,6,0,400,0.02635
FNO-VLA_sv_ep44,28.9M,8,chocolate_pudding,7,1,160,0.01488
FNO-VLA_sv_ep44,28.9M,8,chocolate_pudding,8,1,202,0.01874
FNO-VLA_sv_ep44,28.9M,8,chocolate_pudding,9,0,400,0.02899
FNO-VLA_sv_ep44,28.9M,8,chocolate_pudding,10,1,152,0.01557
FNO-VLA_sv_ep44,28.9M,8,chocolate_pudding,11,1,160,0.01631
FNO-VLA_sv_ep44,28.9M,8,chocolate_pudding,12,1,158,0.01526
FNO-VLA_sv_ep44,28.9M,8,chocolate_pudding,13,1,209,0.01839
FNO-VLA_sv_ep44,28.9M,8,chocolate_pudding,14,0,400,0.02847
FNO-VLA_sv_ep44,28.9M,8,chocolate_pudding,15,0,400,0.0273
FNO-VLA_sv_ep44,28.9M,8,chocolate_pudding,16,0,400,0.03078
FNO-VLA_sv_ep44,28.9M,8,chocolate_pudding,17,0,400,0.0426
FNO-VLA_sv_ep44,28.9M,8,chocolate_pudding,18,0,400,0.03854
FNO-VLA_sv_ep44,28.9M,8,chocolate_pudding,19,0,400,0.04394
FNO-VLA_sv_ep44,28.9M,9,orange_juice,0,1,173,0.02285
FNO-VLA_sv_ep44,28.9M,9,orange_juice,1,0,400,0.02911
FNO-VLA_sv_ep44,28.9M,9,orange_juice,2,1,139,0.02122
FNO-VLA_sv_ep44,28.9M,9,orange_juice,3,1,126,0.0189
FNO-VLA_sv_ep44,28.9M,9,orange_juice,4,1,145,0.02375
FNO-VLA_sv_ep44,28.9M,9,orange_juice,5,0,400,0.03703
FNO-VLA_sv_ep44,28.9M,9,orange_juice,6,1,170,0.02118
FNO-VLA_sv_ep44,28.9M,9,orange_juice,7,1,182,0.03046
FNO-VLA_sv_ep44,28.9M,9,orange_juice,8,0,400,0.0306
FNO-VLA_sv_ep44,28.9M,9,orange_juice,9,1,112,0.01635
FNO-VLA_sv_ep44,28.9M,9,orange_juice,10,0,400,0.03307
FNO-VLA_sv_ep44,28.9M,9,orange_juice,11,1,125,0.01617
FNO-VLA_sv_ep44,28.9M,9,orange_juice,12,1,188,0.0294
FNO-VLA_sv_ep44,28.9M,9,orange_juice,13,1,127,0.01521
FNO-VLA_sv_ep44,28.9M,9,orange_juice,14,0,400,0.02889
FNO-VLA_sv_ep44,28.9M,9,orange_juice,15,0,400,0.02381
FNO-VLA_sv_ep44,28.9M,9,orange_juice,16,1,124,0.01365
FNO-VLA_sv_ep44,28.9M,9,orange_juice,17,0,400,0.03787
FNO-VLA_sv_ep44,28.9M,9,orange_juice,18,1,157,0.02184
FNO-VLA_sv_ep44,28.9M,9,orange_juice,19,1,161,0.02181
Octo-Small,137M,0,alphabet_soup,0,1,134,
Octo-Small,137M,0,alphabet_soup,1,1,137,
Octo-Small,137M,0,alphabet_soup,2,1,156,
Octo-Small,137M,0,alphabet_soup,3,1,272,
Octo-Small,137M,0,alphabet_soup,4,1,257,
Octo-Small,137M,0,alphabet_soup,5,1,177,
Octo-Small,137M,0,alphabet_soup,6,1,163,
Octo-Small,137M,0,alphabet_soup,7,1,145,
Octo-Small,137M,0,alphabet_soup,8,1,145,
Octo-Small,137M,0,alphabet_soup,9,0,400,
Octo-Small,137M,0,alphabet_soup,10,1,187,
Octo-Small,137M,0,alphabet_soup,11,1,133,
Octo-Small,137M,0,alphabet_soup,12,1,150,
Octo-Small,137M,0,alphabet_soup,13,0,400,
Octo-Small,137M,0,alphabet_soup,14,1,149,
Octo-Small,137M,0,alphabet_soup,15,1,177,
Octo-Small,137M,0,alphabet_soup,16,1,149,
Octo-Small,137M,0,alphabet_soup,17,0,400,
Octo-Small,137M,0,alphabet_soup,18,0,400,
Octo-Small,137M,0,alphabet_soup,19,1,282,
Octo-Small,137M,1,cream_cheese,0,1,150,
Octo-Small,137M,1,cream_cheese,1,1,178,
Octo-Small,137M,1,cream_cheese,2,1,136,
Octo-Small,137M,1,cream_cheese,3,1,204,
Octo-Small,137M,1,cream_cheese,4,1,116,
Octo-Small,137M,1,cream_cheese,5,1,141,
Octo-Small,137M,1,cream_cheese,6,1,121,
Octo-Small,137M,1,cream_cheese,7,1,170,
Octo-Small,137M,1,cream_cheese,8,1,163,
Octo-Small,137M,1,cream_cheese,9,1,155,
Octo-Small,137M,1,cream_cheese,10,1,140,
Octo-Small,137M,1,cream_cheese,11,1,153,
Octo-Small,137M,1,cream_cheese,12,1,138,
Octo-Small,137M,1,cream_cheese,13,1,124,
Octo-Small,137M,1,cream_cheese,14,1,151,
Octo-Small,137M,1,cream_cheese,15,1,120,
Octo-Small,137M,1,cream_cheese,16,1,213,
Octo-Small,137M,1,cream_cheese,17,1,152,
Octo-Small,137M,1,cream_cheese,18,1,292,
Octo-Small,137M,1,cream_cheese,19,1,155,
Octo-Small,137M,2,salad_dressing,0,1,130,
Octo-Small,137M,2,salad_dressing,1,1,140,
Octo-Small,137M,2,salad_dressing,2,1,107,
Octo-Small,137M,2,salad_dressing,3,1,122,
Octo-Small,137M,2,salad_dressing,4,1,118,
Octo-Small,137M,2,salad_dressing,5,1,112,
Octo-Small,137M,2,salad_dressing,6,1,114,
Octo-Small,137M,2,salad_dressing,7,1,157,
Octo-Small,137M,2,salad_dressing,8,1,115,
Octo-Small,137M,2,salad_dressing,9,0,400,
Octo-Small,137M,2,salad_dressing,10,1,123,
Octo-Small,137M,2,salad_dressing,11,1,121,
Octo-Small,137M,2,salad_dressing,12,1,127,
Octo-Small,137M,2,salad_dressing,13,1,125,
Octo-Small,137M,2,salad_dressing,14,1,124,
Octo-Small,137M,2,salad_dressing,15,0,400,
Octo-Small,137M,2,salad_dressing,16,1,118,
Octo-Small,137M,2,salad_dressing,17,1,161,
Octo-Small,137M,2,salad_dressing,18,0,400,
Octo-Small,137M,2,salad_dressing,19,1,116,
Octo-Small,137M,3,bbq_sauce,0,0,400,
Octo-Small,137M,3,bbq_sauce,1,1,168,
Octo-Small,137M,3,bbq_sauce,2,0,400,
Octo-Small,137M,3,bbq_sauce,3,1,304,
Octo-Small,137M,3,bbq_sauce,4,1,248,
Octo-Small,137M,3,bbq_sauce,5,1,147,
Octo-Small,137M,3,bbq_sauce,6,1,141,
Octo-Small,137M,3,bbq_sauce,7,0,400,
Octo-Small,137M,3,bbq_sauce,8,1,169,
Octo-Small,137M,3,bbq_sauce,9,1,138,
Octo-Small,137M,3,bbq_sauce,10,0,400,
Octo-Small,137M,3,bbq_sauce,11,1,182,
Octo-Small,137M,3,bbq_sauce,12,1,184,
Octo-Small,137M,3,bbq_sauce,13,1,142,
Octo-Small,137M,3,bbq_sauce,14,1,196,
Octo-Small,137M,3,bbq_sauce,15,1,120,
Octo-Small,137M,3,bbq_sauce,16,0,400,
Octo-Small,137M,3,bbq_sauce,17,1,312,
Octo-Small,137M,3,bbq_sauce,18,1,126,
Octo-Small,137M,3,bbq_sauce,19,0,400,
Octo-Small,137M,4,ketchup,0,1,154,
Octo-Small,137M,4,ketchup,1,1,138,
Octo-Small,137M,4,ketchup,2,0,400,
Octo-Small,137M,4,ketchup,3,0,400,
Octo-Small,137M,4,ketchup,4,1,166,
Octo-Small,137M,4,ketchup,5,1,156,
Octo-Small,137M,4,ketchup,6,1,137,
Octo-Small,137M,4,ketchup,7,1,201,
Octo-Small,137M,4,ketchup,8,1,137,
Octo-Small,137M,4,ketchup,9,0,400,
Octo-Small,137M,4,ketchup,10,1,194,
Octo-Small,137M,4,ketchup,11,1,137,
Octo-Small,137M,4,ketchup,12,1,143,
Octo-Small,137M,4,ketchup,13,0,400,
Octo-Small,137M,4,ketchup,14,1,147,
Octo-Small,137M,4,ketchup,15,1,156,
Octo-Small,137M,4,ketchup,16,1,150,
Octo-Small,137M,4,ketchup,17,1,214,
Octo-Small,137M,4,ketchup,18,1,261,
Octo-Small,137M,4,ketchup,19,1,149,
Octo-Small,137M,5,tomato_sauce,0,0,400,
Octo-Small,137M,5,tomato_sauce,1,1,122,
Octo-Small,137M,5,tomato_sauce,2,1,134,
Octo-Small,137M,5,tomato_sauce,3,1,129,
Octo-Small,137M,5,tomato_sauce,4,1,120,
Octo-Small,137M,5,tomato_sauce,5,1,129,
Octo-Small,137M,5,tomato_sauce,6,1,175,
Octo-Small,137M,5,tomato_sauce,7,0,400,
Octo-Small,137M,5,tomato_sauce,8,1,160,
Octo-Small,137M,5,tomato_sauce,9,1,181,
Octo-Small,137M,5,tomato_sauce,10,1,113,
Octo-Small,137M,5,tomato_sauce,11,1,182,
Octo-Small,137M,5,tomato_sauce,12,1,127,
Octo-Small,137M,5,tomato_sauce,13,1,120,
Octo-Small,137M,5,tomato_sauce,14,0,400,
Octo-Small,137M,5,tomato_sauce,15,1,107,
Octo-Small,137M,5,tomato_sauce,16,1,171,
Octo-Small,137M,5,tomato_sauce,17,0,400,
Octo-Small,137M,5,tomato_sauce,18,1,187,
Octo-Small,137M,5,tomato_sauce,19,1,147,
Octo-Small,137M,6,butter,0,0,400,
Octo-Small,137M,6,butter,1,0,400,
Octo-Small,137M,6,butter,2,1,150,
Octo-Small,137M,6,butter,3,0,400,
Octo-Small,137M,6,butter,4,1,223,
Octo-Small,137M,6,butter,5,0,400,
Octo-Small,137M,6,butter,6,0,400,
Octo-Small,137M,6,butter,7,0,400,
Octo-Small,137M,6,butter,8,1,177,
Octo-Small,137M,6,butter,9,0,400,
Octo-Small,137M,6,butter,10,0,400,
Octo-Small,137M,6,butter,11,0,400,
Octo-Small,137M,6,butter,12,1,161,
Octo-Small,137M,6,butter,13,1,144,
Octo-Small,137M,6,butter,14,1,144,
Octo-Small,137M,6,butter,15,1,260,
Octo-Small,137M,6,butter,16,0,400,
Octo-Small,137M,6,butter,17,0,400,
Octo-Small,137M,6,butter,18,0,400,
Octo-Small,137M,6,butter,19,1,154,
Octo-Small,137M,7,milk,0,1,138,
Octo-Small,137M,7,milk,1,0,400,
Octo-Small,137M,7,milk,2,0,400,
Octo-Small,137M,7,milk,3,1,133,
Octo-Small,137M,7,milk,4,1,135,
Octo-Small,137M,7,milk,5,0,400,
Octo-Small,137M,7,milk,6,1,141,
Octo-Small,137M,7,milk,7,1,138,
Octo-Small,137M,7,milk,8,1,135,
Octo-Small,137M,7,milk,9,1,140,
Octo-Small,137M,7,milk,10,0,400,
Octo-Small,137M,7,milk,11,0,400,
Octo-Small,137M,7,milk,12,1,181,
Octo-Small,137M,7,milk,13,0,400,
Octo-Small,137M,7,milk,14,0,400,
Octo-Small,137M,7,milk,15,1,138,
Octo-Small,137M,7,milk,16,1,138,
Octo-Small,137M,7,milk,17,1,124,
Octo-Small,137M,7,milk,18,0,400,
Octo-Small,137M,7,milk,19,0,400,
Octo-Small,137M,8,chocolate_pudding,0,1,154,
Octo-Small,137M,8,chocolate_pudding,1,0,400,
Octo-Small,137M,8,chocolate_pudding,2,1,154,
Octo-Small,137M,8,chocolate_pudding,3,1,157,
Octo-Small,137M,8,chocolate_pudding,4,1,186,
Octo-Small,137M,8,chocolate_pudding,5,1,171,
Octo-Small,137M,8,chocolate_pudding,6,1,152,
Octo-Small,137M,8,chocolate_pudding,7,0,400,
Octo-Small,137M,8,chocolate_pudding,8,0,400,
Octo-Small,137M,8,chocolate_pudding,9,0,400,
Octo-Small,137M,8,chocolate_pudding,10,0,400,
Octo-Small,137M,8,chocolate_pudding,11,1,192,
Octo-Small,137M,8,chocolate_pudding,12,1,148,
Octo-Small,137M,8,chocolate_pudding,13,0,400,
Octo-Small,137M,8,chocolate_pudding,14,0,400,
Octo-Small,137M,8,chocolate_pudding,15,1,157,
Octo-Small,137M,8,chocolate_pudding,16,0,400,
Octo-Small,137M,8,chocolate_pudding,17,1,165,
Octo-Small,137M,8,chocolate_pudding,18,0,400,
Octo-Small,137M,8,chocolate_pudding,19,1,255,
Octo-Small,137M,9,orange_juice,0,0,400,
Octo-Small,137M,9,orange_juice,1,1,116,
Octo-Small,137M,9,orange_juice,2,1,126,
Octo-Small,137M,9,orange_juice,3,1,113,
Octo-Small,137M,9,orange_juice,4,0,400,
Octo-Small,137M,9,orange_juice,5,0,400,
Octo-Small,137M,9,orange_juice,6,0,400,
Octo-Small,137M,9,orange_juice,7,0,400,
Octo-Small,137M,9,orange_juice,8,1,131,
Octo-Small,137M,9,orange_juice,9,0,400,
Octo-Small,137M,9,orange_juice,10,1,121,
Octo-Small,137M,9,orange_juice,11,1,311,
Octo-Small,137M,9,orange_juice,12,0,400,
Octo-Small,137M,9,orange_juice,13,0,400,
Octo-Small,137M,9,orange_juice,14,1,127,
Octo-Small,137M,9,orange_juice,15,1,124,
Octo-Small,137M,9,orange_juice,16,1,286,
Octo-Small,137M,9,orange_juice,17,1,118,
Octo-Small,137M,9,orange_juice,18,1,168,
Octo-Small,137M,9,orange_juice,19,1,115,
