output_size,region,task_idx,task,rollout,success,steps,jerk
8,below_nyquist,0,alphabet_soup,0,1,173,0.03602
8,below_nyquist,0,alphabet_soup,1,1,271,0.02564
8,below_nyquist,0,alphabet_soup,2,0,400,0.01864
8,below_nyquist,0,alphabet_soup,3,0,400,0.01972
8,below_nyquist,0,alphabet_soup,4,0,400,0.01973
8,below_nyquist,0,alphabet_soup,5,0,400,0.01904
8,below_nyquist,0,alphabet_soup,6,0,400,0.01893
8,below_nyquist,0,alphabet_soup,7,0,400,0.02532
8,below_nyquist,0,alphabet_soup,8,1,246,0.02957
8,below_nyquist,0,alphabet_soup,9,0,400,0.01761
8,below_nyquist,1,cream_cheese,0,1,136,0.03883
8,below_nyquist,1,cream_cheese,1,1,136,0.03635
8,below_nyquist,1,cream_cheese,2,1,120,0.03748
8,below_nyquist,1,cream_cheese,3,0,400,0.01981
8,below_nyquist,1,cream_cheese,4,1,127,0.03715
8,below_nyquist,1,cream_cheese,5,1,130,0.03828
8,below_nyquist,1,cream_cheese,6,0,400,0.02135
8,below_nyquist,1,cream_cheese,7,0,400,0.02011
8,below_nyquist,1,cream_cheese,8,0,400,0.02111
8,below_nyquist,1,cream_cheese,9,1,136,0.03637
8,below_nyquist,2,salad_dressing,0,1,199,0.03182
8,below_nyquist,2,salad_dressing,1,0,400,0.01537
8,below_nyquist,2,salad_dressing,2,0,400,0.02243
8,below_nyquist,2,salad_dressing,3,1,104,0.04114
8,below_nyquist,2,salad_dressing,4,0,400,0.02237
8,below_nyquist,2,salad_dressing,5,0,400,0.02051
8,below_nyquist,2,salad_dressing,6,0,400,0.01827
8,below_nyquist,2,salad_dressing,7,0,400,0.01562
8,below_nyquist,2,salad_dressing,8,1,245,0.02869
8,below_nyquist,2,salad_dressing,9,1,112,0.03816
8,below_nyquist,3,bbq_sauce,0,0,400,0.021
8,below_nyquist,3,bbq_sauce,1,0,400,0.02468
8,below_nyquist,3,bbq_sauce,2,0,400,0.0215
8,below_nyquist,3,bbq_sauce,3,0,400,0.02862
8,below_nyquist,3,bbq_sauce,4,0,400,0.02595
8,below_nyquist,3,bbq_sauce,5,0,400,0.01884
8,below_nyquist,3,bbq_sauce,6,0,400,0.02669
8,below_nyquist,3,bbq_sauce,7,0,400,0.01599
8,below_nyquist,3,bbq_sauce,8,0,400,0.02075
8,below_nyquist,3,bbq_sauce,9,0,400,0.02339
8,below_nyquist,4,ketchup,0,0,400,0.02017
8,below_nyquist,4,ketchup,1,0,400,0.01391
8,below_nyquist,4,ketchup,2,0,400,0.01458
8,below_nyquist,4,ketchup,3,0,400,0.02032
8,below_nyquist,4,ketchup,4,0,400,0.01232
8,below_nyquist,4,ketchup,5,0,400,0.01649
8,below_nyquist,4,ketchup,6,0,400,0.01249
8,below_nyquist,4,ketchup,7,0,400,0.01672
8,below_nyquist,4,ketchup,8,0,400,0.01436
8,below_nyquist,4,ketchup,9,0,400,0.01416
8,below_nyquist,5,tomato_sauce,0,0,400,0.01512
8,below_nyquist,5,tomato_sauce,1,0,400,0.02236
8,below_nyquist,5,tomato_sauce,2,0,400,0.0155
8,below_nyquist,5,tomato_sauce,3,0,400,0.0171
8,below_nyquist,5,tomato_sauce,4,0,400,0.01632
8,below_nyquist,5,tomato_sauce,5,0,400,0.0162
8,below_nyquist,5,tomato_sauce,6,0,400,0.02239
8,below_nyquist,5,tomato_sauce,7,0,400,0.01529
8,below_nyquist,5,tomato_sauce,8,0,400,0.01387
8,below_nyquist,5,tomato_sauce,9,0,400,0.01645
8,below_nyquist,6,butter,0,0,400,0.02912
8,below_nyquist,6,butter,1,0,400,0.03041
8,below_nyquist,6,butter,2,0,400,0.02981
8,below_nyquist,6,butter,3,0,400,0.02627
8,below_nyquist,6,butter,4,0,400,0.02574
8,below_nyquist,6,butter,5,0,400,0.03001
8,below_nyquist,6,butter,6,0,400,0.02698
8,below_nyquist,6,butter,7,0,400,0.02722
8,below_nyquist,6,butter,8,0,400,0.02997
8,below_nyquist,6,butter,9,1,175,0.03311
8,below_nyquist,7,milk,0,0,400,0.01944
8,below_nyquist,7,milk,1,1,223,0.02338
8,below_nyquist,7,milk,2,1,168,0.02784
8,below_nyquist,7,milk,3,0,400,0.01494
8,below_nyquist,7,milk,4,0,400,0.02251
8,below_nyquist,7,milk,5,0,400,0.01421
8,below_nyquist,7,milk,6,0,400,0.01462
8,below_nyquist,7,milk,7,0,400,0.02056
8,below_nyquist,7,milk,8,0,400,0.03547
8,below_nyquist,7,milk,9,1,129,0.0362
8,below_nyquist,8,chocolate_pudding,0,0,400,0.0245
8,below_nyquist,8,chocolate_pudding,1,1,151,0.03154
8,below_nyquist,8,chocolate_pudding,2,0,400,0.02218
8,below_nyquist,8,chocolate_pudding,3,1,151,0.03137
8,below_nyquist,8,chocolate_pudding,4,1,133,0.03339
8,below_nyquist,8,chocolate_pudding,5,0,400,0.02654
8,below_nyquist,8,chocolate_pudding,6,1,152,0.03292
8,below_nyquist,8,chocolate_pudding,7,1,160,0.03131
8,below_nyquist,8,chocolate_pudding,8,1,174,0.02809
8,below_nyquist,8,chocolate_pudding,9,0,400,0.02449
8,below_nyquist,9,orange_juice,0,0,400,0.02065
8,below_nyquist,9,orange_juice,1,0,400,0.01936
8,below_nyquist,9,orange_juice,2,1,227,0.02407
8,below_nyquist,9,orange_juice,3,0,400,0.02185
8,below_nyquist,9,orange_juice,4,1,366,0.01843
8,below_nyquist,9,orange_juice,5,1,370,0.01915
8,below_nyquist,9,orange_juice,6,1,288,0.01774
8,below_nyquist,9,orange_juice,7,1,112,0.03767
8,below_nyquist,9,orange_juice,8,0,400,0.01534
8,below_nyquist,9,orange_juice,9,1,327,0.01927
16,native,0,alphabet_soup,0,1,234,0.02794
16,native,0,alphabet_soup,1,1,243,0.02914
16,native,0,alphabet_soup,2,1,259,0.02818
16,native,0,alphabet_soup,3,1,198,0.02343
16,native,0,alphabet_soup,4,1,186,0.01997
16,native,0,alphabet_soup,5,1,241,0.0279
16,native,0,alphabet_soup,6,1,294,0.02988
16,native,0,alphabet_soup,7,1,178,0.02098
16,native,0,alphabet_soup,8,1,170,0.02012
16,native,0,alphabet_soup,9,1,216,0.02688
16,native,1,cream_cheese,0,1,177,0.02386
16,native,1,cream_cheese,1,0,400,0.04611
16,native,1,cream_cheese,2,1,170,0.02502
16,native,1,cream_cheese,3,1,271,0.02984
16,native,1,cream_cheese,4,1,195,0.02517
16,native,1,cream_cheese,5,0,400,0.04462
16,native,1,cream_cheese,6,1,168,0.024
16,native,1,cream_cheese,7,0,400,0.04827
16,native,1,cream_cheese,8,0,400,0.05016
16,native,1,cream_cheese,9,0,400,0.02975
16,native,2,salad_dressing,0,1,127,0.01913
16,native,2,salad_dressing,1,1,123,0.01781
16,native,2,salad_dressing,2,1,188,0.02938
16,native,2,salad_dressing,3,1,242,0.03192
16,native,2,salad_dressing,4,1,192,0.02323
16,native,2,salad_dressing,5,1,300,0.03349
16,native,2,salad_dressing,6,1,227,0.03349
16,native,2,salad_dressing,7,1,168,0.02547
16,native,2,salad_dressing,8,1,134,0.019
16,native,2,salad_dressing,9,1,219,0.03252
16,native,3,bbq_sauce,0,1,281,0.03187
16,native,3,bbq_sauce,1,0,400,0.03786
16,native,3,bbq_sauce,2,0,400,0.03676
16,native,3,bbq_sauce,3,0,400,0.03399
16,native,3,bbq_sauce,4,0,400,0.03735
16,native,3,bbq_sauce,5,0,400,0.0353
16,native,3,bbq_sauce,6,0,400,0.03473
16,native,3,bbq_sauce,7,0,400,0.03723
16,native,3,bbq_sauce,8,0,400,0.03416
16,native,3,bbq_sauce,9,0,400,0.03762
16,native,4,ketchup,0,0,400,0.03035
16,native,4,ketchup,1,0,400,0.03262
16,native,4,ketchup,2,1,188,0.0228
16,native,4,ketchup,3,1,258,0.02498
16,native,4,ketchup,4,0,400,0.02307
16,native,4,ketchup,5,0,400,0.02523
16,native,4,ketchup,6,0,400,0.03006
16,native,4,ketchup,7,0,400,0.02764
16,native,4,ketchup,8,0,400,0.02647
16,native,4,ketchup,9,0,400,0.02803
16,native,5,tomato_sauce,0,0,400,0.03463
16,native,5,tomato_sauce,1,1,392,0.0324
16,native,5,tomato_sauce,2,0,400,0.02851
16,native,5,tomato_sauce,3,1,177,0.04277
16,native,5,tomato_sauce,4,0,400,0.02266
16,native,5,tomato_sauce,5,1,223,0.02831
16,native,5,tomato_sauce,6,1,159,0.03926
16,native,5,tomato_sauce,7,1,378,0.02779
16,native,5,tomato_sauce,8,1,146,0.02988
16,native,5,tomato_sauce,9,1,145,0.03042
16,native,6,butter,0,1,151,0.02216
16,native,6,butter,1,1,160,0.01817
16,native,6,butter,2,1,153,0.01865
16,native,6,butter,3,1,153,0.01835
16,native,6,butter,4,1,157,0.02203
16,native,6,butter,5,1,151,0.02162
16,native,6,butter,6,1,178,0.02597
16,native,6,butter,7,1,154,0.02197
16,native,6,butter,8,1,152,0.01962
16,native,6,butter,9,1,197,0.02561
16,native,7,milk,0,0,400,0.03664
16,native,7,milk,1,1,140,0.01708
16,native,7,milk,2,1,143,0.01839
16,native,7,milk,3,1,141,0.0168
16,native,7,milk,4,0,400,0.03738
16,native,7,milk,5,0,400,0.03795
16,native,7,milk,6,1,147,0.01687
16,native,7,milk,7,1,144,0.01405
16,native,7,milk,8,0,400,0.03564
16,native,7,milk,9,1,135,0.01742
16,native,8,chocolate_pudding,0,0,400,0.02578
16,native,8,chocolate_pudding,1,1,219,0.01945
16,native,8,chocolate_pudding,2,0,400,0.02302
16,native,8,chocolate_pudding,3,1,209,0.01663
16,native,8,chocolate_pudding,4,0,400,0.03457
16,native,8,chocolate_pudding,5,0,400,0.03329
16,native,8,chocolate_pudding,6,1,210,0.01917
16,native,8,chocolate_pudding,7,1,184,0.01556
16,native,8,chocolate_pudding,8,1,387,0.02387
16,native,8,chocolate_pudding,9,1,160,0.01751
16,native,9,orange_juice,0,0,400,0.03844
16,native,9,orange_juice,1,0,400,0.04125
16,native,9,orange_juice,2,0,400,0.03748
16,native,9,orange_juice,3,0,400,0.03913
16,native,9,orange_juice,4,1,131,0.02056
16,native,9,orange_juice,5,0,400,0.0418
16,native,9,orange_juice,6,1,169,0.02709
16,native,9,orange_juice,7,1,148,0.02901
16,native,9,orange_juice,8,1,123,0.01855
16,native,9,orange_juice,9,0,400,0.03848
24,above_nyquist,0,alphabet_soup,0,1,156,0.01986
24,above_nyquist,0,alphabet_soup,1,1,156,0.02043
24,above_nyquist,0,alphabet_soup,2,1,139,0.01954
24,above_nyquist,0,alphabet_soup,3,0,400,0.03379
24,above_nyquist,0,alphabet_soup,4,1,161,0.01784
24,above_nyquist,0,alphabet_soup,5,1,154,0.01897
24,above_nyquist,0,alphabet_soup,6,1,130,0.01752
24,above_nyquist,0,alphabet_soup,7,1,140,0.02033
24,above_nyquist,0,alphabet_soup,8,1,136,0.01895
24,above_nyquist,0,alphabet_soup,9,1,157,0.02177
24,above_nyquist,1,cream_cheese,0,1,130,0.01648
24,above_nyquist,1,cream_cheese,1,1,126,0.01278
24,above_nyquist,1,cream_cheese,2,0,400,0.03615
24,above_nyquist,1,cream_cheese,3,1,138,0.01882
24,above_nyquist,1,cream_cheese,4,0,400,0.03375
24,above_nyquist,1,cream_cheese,5,1,137,0.01773
24,above_nyquist,1,cream_cheese,6,0,400,0.03572
24,above_nyquist,1,cream_cheese,7,1,156,0.02288
24,above_nyquist,1,cream_cheese,8,0,400,0.03388
24,above_nyquist,1,cream_cheese,9,1,156,0.02157
24,above_nyquist,2,salad_dressing,0,1,111,0.01683
24,above_nyquist,2,salad_dressing,1,1,110,0.01735
24,above_nyquist,2,salad_dressing,2,1,161,0.02392
24,above_nyquist,2,salad_dressing,3,1,111,0.01932
24,above_nyquist,2,salad_dressing,4,1,131,0.01871
24,above_nyquist,2,salad_dressing,5,1,144,0.023
24,above_nyquist,2,salad_dressing,6,1,176,0.02594
24,above_nyquist,2,salad_dressing,7,1,107,0.01909
24,above_nyquist,2,salad_dressing,8,1,111,0.01796
24,above_nyquist,2,salad_dressing,9,1,122,0.01869
24,above_nyquist,3,bbq_sauce,0,0,400,0.02863
24,above_nyquist,3,bbq_sauce,1,0,400,0.03177
24,above_nyquist,3,bbq_sauce,2,0,400,0.02626
24,above_nyquist,3,bbq_sauce,3,0,400,0.02719
24,above_nyquist,3,bbq_sauce,4,0,400,0.03303
24,above_nyquist,3,bbq_sauce,5,0,400,0.0295
24,above_nyquist,3,bbq_sauce,6,0,400,0.02715
24,above_nyquist,3,bbq_sauce,7,0,400,0.02983
24,above_nyquist,3,bbq_sauce,8,0,400,0.03089
24,above_nyquist,3,bbq_sauce,9,0,400,0.02209
24,above_nyquist,4,ketchup,0,1,391,0.02059
24,above_nyquist,4,ketchup,1,0,400,0.01816
24,above_nyquist,4,ketchup,2,0,400,0.01651
24,above_nyquist,4,ketchup,3,0,400,0.01729
24,above_nyquist,4,ketchup,4,1,230,0.02117
24,above_nyquist,4,ketchup,5,0,400,0.02583
24,above_nyquist,4,ketchup,6,0,400,0.01652
24,above_nyquist,4,ketchup,7,0,400,0.01576
24,above_nyquist,4,ketchup,8,0,400,0.01752
24,above_nyquist,4,ketchup,9,0,400,0.0181
24,above_nyquist,5,tomato_sauce,0,1,384,0.04411
24,above_nyquist,5,tomato_sauce,1,1,298,0.04349
24,above_nyquist,5,tomato_sauce,2,1,336,0.03886
24,above_nyquist,5,tomato_sauce,3,0,400,0.0428
24,above_nyquist,5,tomato_sauce,4,1,211,0.03777
24,above_nyquist,5,tomato_sauce,5,0,400,0.0306
24,above_nyquist,5,tomato_sauce,6,1,167,0.02839
24,above_nyquist,5,tomato_sauce,7,1,187,0.0327
24,above_nyquist,5,tomato_sauce,8,1,183,0.02934
24,above_nyquist,5,tomato_sauce,9,1,331,0.04301
24,above_nyquist,6,butter,0,1,144,0.02052
24,above_nyquist,6,butter,1,1,151,0.0213
24,above_nyquist,6,butter,2,1,157,0.02041
24,above_nyquist,6,butter,3,1,151,0.01655
24,above_nyquist,6,butter,4,1,151,0.01503
24,above_nyquist,6,butter,5,1,149,0.0181
24,above_nyquist,6,butter,6,1,156,0.01657
24,above_nyquist,6,butter,7,1,144,0.01883
24,above_nyquist,6,butter,8,1,143,0.01695
24,above_nyquist,6,butter,9,1,170,0.02223
24,above_nyquist,7,milk,0,1,131,0.01434
24,above_nyquist,7,milk,1,1,128,0.01414
24,above_nyquist,7,milk,2,1,131,0.01541
24,above_nyquist,7,milk,3,1,131,0.01654
24,above_nyquist,7,milk,4,1,132,0.01448
24,above_nyquist,7,milk,5,1,128,0.01517
24,above_nyquist,7,milk,6,1,128,0.01685
24,above_nyquist,7,milk,7,1,132,0.01344
24,above_nyquist,7,milk,8,1,132,0.01339
24,above_nyquist,7,milk,9,1,124,0.01505
24,above_nyquist,8,chocolate_pudding,0,0,400,0.02778
24,above_nyquist,8,chocolate_pudding,1,1,160,0.01457
24,above_nyquist,8,chocolate_pudding,2,0,400,0.01958
24,above_nyquist,8,chocolate_pudding,3,1,180,0.01742
24,above_nyquist,8,chocolate_pudding,4,1,211,0.01901
24,above_nyquist,8,chocolate_pudding,5,1,267,0.02039
24,above_nyquist,8,chocolate_pudding,6,1,144,0.01326
24,above_nyquist,8,chocolate_pudding,7,1,152,0.01411
24,above_nyquist,8,chocolate_pudding,8,1,250,0.01835
24,above_nyquist,8,chocolate_pudding,9,1,155,0.01499
24,above_nyquist,9,orange_juice,0,0,400,0.03267
24,above_nyquist,9,orange_juice,1,0,400,0.02965
24,above_nyquist,9,orange_juice,2,0,400,0.03121
24,above_nyquist,9,orange_juice,3,0,400,0.03001
24,above_nyquist,9,orange_juice,4,1,120,0.0149
24,above_nyquist,9,orange_juice,5,0,400,0.02809
24,above_nyquist,9,orange_juice,6,1,110,0.01265
24,above_nyquist,9,orange_juice,7,1,153,0.02255
24,above_nyquist,9,orange_juice,8,1,109,0.01405
24,above_nyquist,9,orange_juice,9,1,111,0.01241
32,above_nyquist,0,alphabet_soup,0,1,169,0.02408
32,above_nyquist,0,alphabet_soup,1,1,150,0.02288
32,above_nyquist,0,alphabet_soup,2,1,144,0.02264
32,above_nyquist,0,alphabet_soup,3,0,400,0.0358
32,above_nyquist,0,alphabet_soup,4,1,247,0.03386
32,above_nyquist,0,alphabet_soup,5,1,150,0.02254
32,above_nyquist,0,alphabet_soup,6,1,167,0.02408
32,above_nyquist,0,alphabet_soup,7,1,195,0.02649
32,above_nyquist,0,alphabet_soup,8,1,211,0.02377
32,above_nyquist,0,alphabet_soup,9,1,195,0.02808
32,above_nyquist,1,cream_cheese,0,1,128,0.01904
32,above_nyquist,1,cream_cheese,1,1,122,0.01619
32,above_nyquist,1,cream_cheese,2,1,122,0.01825
32,above_nyquist,1,cream_cheese,3,0,400,0.0382
32,above_nyquist,1,cream_cheese,4,1,126,0.0198
32,above_nyquist,1,cream_cheese,5,1,134,0.0198
32,above_nyquist,1,cream_cheese,6,1,122,0.01654
32,above_nyquist,1,cream_cheese,7,0,400,0.0378
32,above_nyquist,1,cream_cheese,8,0,400,0.03513
32,above_nyquist,1,cream_cheese,9,1,157,0.02114
32,above_nyquist,2,salad_dressing,0,1,160,0.02617
32,above_nyquist,2,salad_dressing,1,1,97,0.02212
32,above_nyquist,2,salad_dressing,2,1,127,0.02479
32,above_nyquist,2,salad_dressing,3,1,103,0.02294
32,above_nyquist,2,salad_dressing,4,0,400,0.02985
32,above_nyquist,2,salad_dressing,5,1,103,0.02378
32,above_nyquist,2,salad_dressing,6,1,101,0.02237
32,above_nyquist,2,salad_dressing,7,1,200,0.02989
32,above_nyquist,2,salad_dressing,8,1,176,0.03034
32,above_nyquist,2,salad_dressing,9,1,108,0.02262
32,above_nyquist,3,bbq_sauce,0,0,400,0.03544
32,above_nyquist,3,bbq_sauce,1,1,272,0.03338
32,above_nyquist,3,bbq_sauce,2,1,123,0.02267
32,above_nyquist,3,bbq_sauce,3,1,161,0.02246
32,above_nyquist,3,bbq_sauce,4,0,400,0.02966
32,above_nyquist,3,bbq_sauce,5,0,400,0.03367
32,above_nyquist,3,bbq_sauce,6,0,400,0.03275
32,above_nyquist,3,bbq_sauce,7,0,400,0.0313
32,above_nyquist,3,bbq_sauce,8,1,124,0.02552
32,above_nyquist,3,bbq_sauce,9,0,400,0.03126
32,above_nyquist,4,ketchup,0,0,400,0.0235
32,above_nyquist,4,ketchup,1,0,400,0.02661
32,above_nyquist,4,ketchup,2,0,400,0.01956
32,above_nyquist,4,ketchup,3,0,400,0.0248
32,above_nyquist,4,ketchup,4,0,400,0.02958
32,above_nyquist,4,ketchup,5,0,400,0.0187
32,above_nyquist,4,ketchup,6,0,400,0.01832
32,above_nyquist,4,ketchup,7,0,400,0.02946
32,above_nyquist,4,ketchup,8,0,400,0.03055
32,above_nyquist,4,ketchup,9,0,400,0.02454
32,above_nyquist,5,tomato_sauce,0,1,354,0.03865
32,above_nyquist,5,tomato_sauce,1,1,371,0.05061
32,above_nyquist,5,tomato_sauce,2,0,400,0.05021
32,above_nyquist,5,tomato_sauce,3,0,400,0.04121
32,above_nyquist,5,tomato_sauce,4,0,400,0.04345
32,above_nyquist,5,tomato_sauce,5,1,285,0.04188
32,above_nyquist,5,tomato_sauce,6,1,364,0.05867
32,above_nyquist,5,tomato_sauce,7,1,359,0.03914
32,above_nyquist,5,tomato_sauce,8,1,231,0.03758
32,above_nyquist,5,tomato_sauce,9,1,157,0.03548
32,above_nyquist,6,butter,0,1,193,0.02783
32,above_nyquist,6,butter,1,1,183,0.02337
32,above_nyquist,6,butter,2,1,203,0.02846
32,above_nyquist,6,butter,3,1,175,0.02299
32,above_nyquist,6,butter,4,1,175,0.0242
32,above_nyquist,6,butter,5,1,211,0.03091
32,above_nyquist,6,butter,6,1,157,0.02186
32,above_nyquist,6,butter,7,1,203,0.03195
32,above_nyquist,6,butter,8,1,147,0.01933
32,above_nyquist,6,butter,9,1,167,0.02331
32,above_nyquist,7,milk,0,1,128,0.01641
32,above_nyquist,7,milk,1,0,400,0.02201
32,above_nyquist,7,milk,2,1,125,0.01873
32,above_nyquist,7,milk,3,0,400,0.01768
32,above_nyquist,7,milk,4,1,127,0.0172
32,above_nyquist,7,milk,5,0,400,0.01876
32,above_nyquist,7,milk,6,0,400,0.01933
32,above_nyquist,7,milk,7,1,128,0.01624
32,above_nyquist,7,milk,8,1,128,0.016
32,above_nyquist,7,milk,9,1,122,0.01767
32,above_nyquist,8,chocolate_pudding,0,1,229,0.02322
32,above_nyquist,8,chocolate_pudding,1,1,194,0.02014
32,above_nyquist,8,chocolate_pudding,2,1,196,0.01956
32,above_nyquist,8,chocolate_pudding,3,1,212,0.02196
32,above_nyquist,8,chocolate_pudding,4,1,178,0.02026
32,above_nyquist,8,chocolate_pudding,5,1,146,0.01778
32,above_nyquist,8,chocolate_pudding,6,0,400,0.02124
32,above_nyquist,8,chocolate_pudding,7,1,189,0.02034
32,above_nyquist,8,chocolate_pudding,8,1,212,0.02267
32,above_nyquist,8,chocolate_pudding,9,1,162,0.01657
32,above_nyquist,9,orange_juice,0,0,400,0.03594
32,above_nyquist,9,orange_juice,1,0,400,0.0313
32,above_nyquist,9,orange_juice,2,0,400,0.03183
32,above_nyquist,9,orange_juice,3,0,400,0.03102
32,above_nyquist,9,orange_juice,4,0,400,0.02785
32,above_nyquist,9,orange_juice,5,1,92,0.02096
32,above_nyquist,9,orange_juice,6,1,307,0.02315
32,above_nyquist,9,orange_juice,7,1,102,0.01631
32,above_nyquist,9,orange_juice,8,1,370,0.02665
32,above_nyquist,9,orange_juice,9,1,102,0.0161
