perturb,severity,task_idx,task,rollout,success,steps,jerk
none,0,0,alphabet_soup,0,1,234,0.02794
none,0,0,alphabet_soup,1,1,243,0.02914
none,0,0,alphabet_soup,2,1,259,0.02818
none,0,0,alphabet_soup,3,1,198,0.02343
none,0,0,alphabet_soup,4,1,186,0.01997
none,0,0,alphabet_soup,5,1,241,0.0279
none,0,0,alphabet_soup,6,1,294,0.02988
none,0,0,alphabet_soup,7,1,178,0.02098
none,0,0,alphabet_soup,8,1,170,0.02012
none,0,0,alphabet_soup,9,1,216,0.02688
none,0,1,cream_cheese,0,1,177,0.02386
none,0,1,cream_cheese,1,0,400,0.04611
none,0,1,cream_cheese,2,1,170,0.02502
none,0,1,cream_cheese,3,1,271,0.02984
none,0,1,cream_cheese,4,1,195,0.02517
none,0,1,cream_cheese,5,0,400,0.04462
none,0,1,cream_cheese,6,1,168,0.024
none,0,1,cream_cheese,7,0,400,0.04827
none,0,1,cream_cheese,8,0,400,0.05016
none,0,1,cream_cheese,9,0,400,0.02975
none,0,2,salad_dressing,0,1,127,0.01913
none,0,2,salad_dressing,1,1,123,0.01781
none,0,2,salad_dressing,2,1,188,0.02938
none,0,2,salad_dressing,3,1,242,0.03192
none,0,2,salad_dressing,4,1,192,0.02323
none,0,2,salad_dressing,5,1,300,0.03349
none,0,2,salad_dressing,6,1,227,0.03349
none,0,2,salad_dressing,7,1,168,0.02547
none,0,2,salad_dressing,8,1,134,0.019
none,0,2,salad_dressing,9,1,219,0.03252
none,0,3,bbq_sauce,0,1,281,0.03187
none,0,3,bbq_sauce,1,0,400,0.03786
none,0,3,bbq_sauce,2,0,400,0.03676
none,0,3,bbq_sauce,3,0,400,0.03399
none,0,3,bbq_sauce,4,0,400,0.03735
none,0,3,bbq_sauce,5,0,400,0.0353
none,0,3,bbq_sauce,6,0,400,0.03473
none,0,3,bbq_sauce,7,0,400,0.03723
none,0,3,bbq_sauce,8,0,400,0.03416
none,0,3,bbq_sauce,9,0,400,0.03762
none,0,4,ketchup,0,0,400,0.03035
none,0,4,ketchup,1,0,400,0.03262
none,0,4,ketchup,2,1,188,0.0228
none,0,4,ketchup,3,1,258,0.02498
none,0,4,ketchup,4,0,400,0.02307
none,0,4,ketchup,5,0,400,0.02523
none,0,4,ketchup,6,0,400,0.03006
none,0,4,ketchup,7,0,400,0.02764
none,0,4,ketchup,8,0,400,0.02647
none,0,4,ketchup,9,0,400,0.02803
none,0,5,tomato_sauce,0,0,400,0.03463
none,0,5,tomato_sauce,1,1,392,0.0324
none,0,5,tomato_sauce,2,0,400,0.02851
none,0,5,tomato_sauce,3,1,177,0.04277
none,0,5,tomato_sauce,4,0,400,0.02266
none,0,5,tomato_sauce,5,1,223,0.02831
none,0,5,tomato_sauce,6,1,159,0.03926
none,0,5,tomato_sauce,7,1,378,0.02779
none,0,5,tomato_sauce,8,1,146,0.02988
none,0,5,tomato_sauce,9,1,145,0.03042
none,0,6,butter,0,1,151,0.02216
none,0,6,butter,1,1,160,0.01817
none,0,6,butter,2,1,153,0.01865
none,0,6,butter,3,1,153,0.01835
none,0,6,butter,4,1,157,0.02203
none,0,6,butter,5,1,151,0.02162
none,0,6,butter,6,1,178,0.02597
none,0,6,butter,7,1,154,0.02197
none,0,6,butter,8,1,152,0.01962
none,0,6,butter,9,1,197,0.02561
none,0,7,milk,0,0,400,0.03664
none,0,7,milk,1,1,140,0.01708
none,0,7,milk,2,1,143,0.01839
none,0,7,milk,3,1,141,0.0168
none,0,7,milk,4,0,400,0.03738
none,0,7,milk,5,0,400,0.03795
none,0,7,milk,6,1,147,0.01687
none,0,7,milk,7,1,144,0.01405
none,0,7,milk,8,0,400,0.03564
none,0,7,milk,9,1,135,0.01742
none,0,8,chocolate_pudding,0,0,400,0.02578
none,0,8,chocolate_pudding,1,1,219,0.01945
none,0,8,chocolate_pudding,2,0,400,0.02302
none,0,8,chocolate_pudding,3,1,209,0.01663
none,0,8,chocolate_pudding,4,0,400,0.03457
none,0,8,chocolate_pudding,5,0,400,0.03329
none,0,8,chocolate_pudding,6,1,210,0.01917
none,0,8,chocolate_pudding,7,1,184,0.01556
none,0,8,chocolate_pudding,8,1,387,0.02387
none,0,8,chocolate_pudding,9,1,160,0.01751
none,0,9,orange_juice,0,0,400,0.03844
none,0,9,orange_juice,1,0,400,0.04125
none,0,9,orange_juice,2,0,400,0.03748
none,0,9,orange_juice,3,0,400,0.03913
none,0,9,orange_juice,4,1,131,0.02056
none,0,9,orange_juice,5,0,400,0.0418
none,0,9,orange_juice,6,1,169,0.02709
none,0,9,orange_juice,7,1,148,0.02901
none,0,9,orange_juice,8,1,123,0.01855
none,0,9,orange_juice,9,0,400,0.03848
noise,1,0,alphabet_soup,0,1,147,0.02116
noise,1,0,alphabet_soup,1,0,400,0.03145
noise,1,0,alphabet_soup,2,1,221,0.02544
noise,1,0,alphabet_soup,3,1,322,0.03259
noise,1,0,alphabet_soup,4,1,205,0.02277
noise,1,0,alphabet_soup,5,1,144,0.02157
noise,1,0,alphabet_soup,6,1,180,0.02108
noise,1,0,alphabet_soup,7,1,177,0.02063
noise,1,0,alphabet_soup,8,1,138,0.02062
noise,1,0,alphabet_soup,9,0,400,0.04226
noise,1,1,cream_cheese,0,1,189,0.02467
noise,1,1,cream_cheese,1,0,400,0.03983
noise,1,1,cream_cheese,2,0,400,0.04685
noise,1,1,cream_cheese,3,0,400,0.04278
noise,1,1,cream_cheese,4,0,400,0.04128
noise,1,1,cream_cheese,5,0,400,0.04656
noise,1,1,cream_cheese,6,1,184,0.02653
noise,1,1,cream_cheese,7,0,400,0.04384
noise,1,1,cream_cheese,8,0,400,0.04418
noise,1,1,cream_cheese,9,1,183,0.02407
noise,1,2,salad_dressing,0,1,122,0.01674
noise,1,2,salad_dressing,1,1,118,0.01893
noise,1,2,salad_dressing,2,1,122,0.01957
noise,1,2,salad_dressing,3,1,207,0.02985
noise,1,2,salad_dressing,4,1,173,0.02069
noise,1,2,salad_dressing,5,1,198,0.02932
noise,1,2,salad_dressing,6,1,208,0.03055
noise,1,2,salad_dressing,7,1,131,0.01819
noise,1,2,salad_dressing,8,1,125,0.01756
noise,1,2,salad_dressing,9,1,174,0.02285
noise,1,3,bbq_sauce,0,0,400,0.03235
noise,1,3,bbq_sauce,1,1,174,0.02426
noise,1,3,bbq_sauce,2,0,400,0.033
noise,1,3,bbq_sauce,3,1,196,0.02488
noise,1,3,bbq_sauce,4,1,132,0.01909
noise,1,3,bbq_sauce,5,1,256,0.02724
noise,1,3,bbq_sauce,6,0,400,0.0325
noise,1,3,bbq_sauce,7,1,239,0.02902
noise,1,3,bbq_sauce,8,0,400,0.03639
noise,1,3,bbq_sauce,9,1,176,0.02124
noise,1,4,ketchup,0,0,400,0.02468
noise,1,4,ketchup,1,0,400,0.02257
noise,1,4,ketchup,2,1,185,0.02325
noise,1,4,ketchup,3,1,338,0.02428
noise,1,4,ketchup,4,0,400,0.02268
noise,1,4,ketchup,5,0,400,0.02521
noise,1,4,ketchup,6,0,400,0.02799
noise,1,4,ketchup,7,0,400,0.02482
noise,1,4,ketchup,8,0,400,0.02662
noise,1,4,ketchup,9,1,321,0.02468
noise,1,5,tomato_sauce,0,1,195,0.02538
noise,1,5,tomato_sauce,1,1,126,0.02461
noise,1,5,tomato_sauce,2,1,137,0.02527
noise,1,5,tomato_sauce,3,1,150,0.03391
noise,1,5,tomato_sauce,4,1,319,0.02953
noise,1,5,tomato_sauce,5,0,400,0.03103
noise,1,5,tomato_sauce,6,1,153,0.03247
noise,1,5,tomato_sauce,7,0,400,0.03288
noise,1,5,tomato_sauce,8,1,143,0.02894
noise,1,5,tomato_sauce,9,1,140,0.02948
noise,1,6,butter,0,1,159,0.01687
noise,1,6,butter,1,1,168,0.01871
noise,1,6,butter,2,1,153,0.01927
noise,1,6,butter,3,1,152,0.0195
noise,1,6,butter,4,1,151,0.02112
noise,1,6,butter,5,1,152,0.02224
noise,1,6,butter,6,0,400,0.0403
noise,1,6,butter,7,1,151,0.01859
noise,1,6,butter,8,1,158,0.02206
noise,1,6,butter,9,1,154,0.02369
noise,1,7,milk,0,0,400,0.03579
noise,1,7,milk,1,1,138,0.01826
noise,1,7,milk,2,1,144,0.01835
noise,1,7,milk,3,1,140,0.01956
noise,1,7,milk,4,1,146,0.01845
noise,1,7,milk,5,1,138,0.01849
noise,1,7,milk,6,1,145,0.01732
noise,1,7,milk,7,1,145,0.01429
noise,1,7,milk,8,0,400,0.03548
noise,1,7,milk,9,1,135,0.01834
noise,1,8,chocolate_pudding,0,1,226,0.02527
noise,1,8,chocolate_pudding,1,0,400,0.02773
noise,1,8,chocolate_pudding,2,0,400,0.03599
noise,1,8,chocolate_pudding,3,0,400,0.0388
noise,1,8,chocolate_pudding,4,0,400,0.02839
noise,1,8,chocolate_pudding,5,0,400,0.03633
noise,1,8,chocolate_pudding,6,0,400,0.03636
noise,1,8,chocolate_pudding,7,0,400,0.03611
noise,1,8,chocolate_pudding,8,1,260,0.02135
noise,1,8,chocolate_pudding,9,1,207,0.01929
noise,1,9,orange_juice,0,0,400,0.03818
noise,1,9,orange_juice,1,0,400,0.03719
noise,1,9,orange_juice,2,0,400,0.03455
noise,1,9,orange_juice,3,1,297,0.03435
noise,1,9,orange_juice,4,1,143,0.0202
noise,1,9,orange_juice,5,0,400,0.03978
noise,1,9,orange_juice,6,0,400,0.0386
noise,1,9,orange_juice,7,0,400,0.03622
noise,1,9,orange_juice,8,1,123,0.01763
noise,1,9,orange_juice,9,0,400,0.03833
noise,2,0,alphabet_soup,0,1,143,0.01834
noise,2,0,alphabet_soup,1,0,400,0.03251
noise,2,0,alphabet_soup,2,1,168,0.02367
noise,2,0,alphabet_soup,3,1,200,0.02126
noise,2,0,alphabet_soup,4,1,199,0.02216
noise,2,0,alphabet_soup,5,1,177,0.02317
noise,2,0,alphabet_soup,6,1,137,0.01768
noise,2,0,alphabet_soup,7,1,144,0.01922
noise,2,0,alphabet_soup,8,1,141,0.01973
noise,2,0,alphabet_soup,9,1,213,0.02278
noise,2,1,cream_cheese,0,1,195,0.02618
noise,2,1,cream_cheese,1,0,400,0.04827
noise,2,1,cream_cheese,2,1,191,0.02637
noise,2,1,cream_cheese,3,0,400,0.04006
noise,2,1,cream_cheese,4,1,187,0.02467
noise,2,1,cream_cheese,5,0,400,0.03448
noise,2,1,cream_cheese,6,0,400,0.0304
noise,2,1,cream_cheese,7,1,170,0.02392
noise,2,1,cream_cheese,8,1,182,0.0246
noise,2,1,cream_cheese,9,0,400,0.03659
noise,2,2,salad_dressing,0,1,182,0.02547
noise,2,2,salad_dressing,1,1,120,0.01952
noise,2,2,salad_dressing,2,1,191,0.03266
noise,2,2,salad_dressing,3,1,121,0.01844
noise,2,2,salad_dressing,4,1,174,0.0228
noise,2,2,salad_dressing,5,1,120,0.02198
noise,2,2,salad_dressing,6,1,115,0.01893
noise,2,2,salad_dressing,7,1,172,0.02504
noise,2,2,salad_dressing,8,1,128,0.02032
noise,2,2,salad_dressing,9,1,179,0.02601
noise,2,3,bbq_sauce,0,1,278,0.03092
noise,2,3,bbq_sauce,1,1,210,0.02873
noise,2,3,bbq_sauce,2,1,229,0.02982
noise,2,3,bbq_sauce,3,0,400,0.03427
noise,2,3,bbq_sauce,4,0,400,0.03202
noise,2,3,bbq_sauce,5,1,274,0.03109
noise,2,3,bbq_sauce,6,1,259,0.02679
noise,2,3,bbq_sauce,7,0,400,0.03483
noise,2,3,bbq_sauce,8,1,289,0.02852
noise,2,3,bbq_sauce,9,0,400,0.03142
noise,2,4,ketchup,0,1,179,0.02164
noise,2,4,ketchup,1,1,243,0.02509
noise,2,4,ketchup,2,1,178,0.02198
noise,2,4,ketchup,3,0,400,0.02536
noise,2,4,ketchup,4,0,400,0.027
noise,2,4,ketchup,5,0,400,0.02642
noise,2,4,ketchup,6,0,400,0.02602
noise,2,4,ketchup,7,0,400,0.02547
noise,2,4,ketchup,8,0,400,0.02966
noise,2,4,ketchup,9,1,187,0.02254
noise,2,5,tomato_sauce,0,0,400,0.03255
noise,2,5,tomato_sauce,1,1,209,0.02725
noise,2,5,tomato_sauce,2,0,400,0.03193
noise,2,5,tomato_sauce,3,1,169,0.04452
noise,2,5,tomato_sauce,4,1,150,0.03247
noise,2,5,tomato_sauce,5,0,400,0.03243
noise,2,5,tomato_sauce,6,1,142,0.03338
noise,2,5,tomato_sauce,7,0,400,0.03737
noise,2,5,tomato_sauce,8,0,400,0.03219
noise,2,5,tomato_sauce,9,1,140,0.03406
noise,2,6,butter,0,1,186,0.02726
noise,2,6,butter,1,1,159,0.02338
noise,2,6,butter,2,0,400,0.0339
noise,2,6,butter,3,1,244,0.02814
noise,2,6,butter,4,1,162,0.02309
noise,2,6,butter,5,1,159,0.02227
noise,2,6,butter,6,1,159,0.02458
noise,2,6,butter,7,0,400,0.03799
noise,2,6,butter,8,0,400,0.03401
noise,2,6,butter,9,1,161,0.01948
noise,2,7,milk,0,0,400,0.03784
noise,2,7,milk,1,1,141,0.01691
noise,2,7,milk,2,1,150,0.01712
noise,2,7,milk,3,0,400,0.03685
noise,2,7,milk,4,1,150,0.01853
noise,2,7,milk,5,1,140,0.01696
noise,2,7,milk,6,1,145,0.02028
noise,2,7,milk,7,1,145,0.01675
noise,2,7,milk,8,0,400,0.03845
noise,2,7,milk,9,1,144,0.01719
noise,2,8,chocolate_pudding,0,0,400,0.03702
noise,2,8,chocolate_pudding,1,1,205,0.02003
noise,2,8,chocolate_pudding,2,0,400,0.03768
noise,2,8,chocolate_pudding,3,0,400,0.04047
noise,2,8,chocolate_pudding,4,0,400,0.03818
noise,2,8,chocolate_pudding,5,0,400,0.03798
noise,2,8,chocolate_pudding,6,0,400,0.03659
noise,2,8,chocolate_pudding,7,0,400,0.0368
noise,2,8,chocolate_pudding,8,1,232,0.02037
noise,2,8,chocolate_pudding,9,1,217,0.01898
noise,2,9,orange_juice,0,1,122,0.0175
noise,2,9,orange_juice,1,0,400,0.03741
noise,2,9,orange_juice,2,0,400,0.03714
noise,2,9,orange_juice,3,0,400,0.03886
noise,2,9,orange_juice,4,1,332,0.03327
noise,2,9,orange_juice,5,1,123,0.01749
noise,2,9,orange_juice,6,1,119,0.01998
noise,2,9,orange_juice,7,1,130,0.01824
noise,2,9,orange_juice,8,0,400,0.04109
noise,2,9,orange_juice,9,1,122,0.02288
noise,3,0,alphabet_soup,0,1,230,0.0352
noise,3,0,alphabet_soup,1,1,150,0.02245
noise,3,0,alphabet_soup,2,1,154,0.0226
noise,3,0,alphabet_soup,3,1,143,0.02401
noise,3,0,alphabet_soup,4,1,200,0.02674
noise,3,0,alphabet_soup,5,1,152,0.02799
noise,3,0,alphabet_soup,6,1,152,0.02717
noise,3,0,alphabet_soup,7,1,152,0.02761
noise,3,0,alphabet_soup,8,1,170,0.02807
noise,3,0,alphabet_soup,9,1,209,0.02807
noise,3,1,cream_cheese,0,0,400,0.04071
noise,3,1,cream_cheese,1,0,400,0.04312
noise,3,1,cream_cheese,2,0,400,0.04323
noise,3,1,cream_cheese,3,0,400,0.03537
noise,3,1,cream_cheese,4,0,400,0.04288
noise,3,1,cream_cheese,5,0,400,0.03772
noise,3,1,cream_cheese,6,0,400,0.0379
noise,3,1,cream_cheese,7,0,400,0.03933
noise,3,1,cream_cheese,8,0,400,0.03794
noise,3,1,cream_cheese,9,0,400,0.04522
noise,3,2,salad_dressing,0,1,119,0.02115
noise,3,2,salad_dressing,1,1,120,0.02318
noise,3,2,salad_dressing,2,1,115,0.02272
noise,3,2,salad_dressing,3,1,122,0.02132
noise,3,2,salad_dressing,4,1,134,0.02642
noise,3,2,salad_dressing,5,1,169,0.03013
noise,3,2,salad_dressing,6,1,119,0.02406
noise,3,2,salad_dressing,7,0,400,0.02907
noise,3,2,salad_dressing,8,1,134,0.02213
noise,3,2,salad_dressing,9,1,117,0.0255
noise,3,3,bbq_sauce,0,0,400,0.03401
noise,3,3,bbq_sauce,1,1,200,0.02966
noise,3,3,bbq_sauce,2,1,176,0.0264
noise,3,3,bbq_sauce,3,1,199,0.02921
noise,3,3,bbq_sauce,4,1,155,0.03013
noise,3,3,bbq_sauce,5,0,400,0.02906
noise,3,3,bbq_sauce,6,0,400,0.0335
noise,3,3,bbq_sauce,7,1,159,0.02794
noise,3,3,bbq_sauce,8,0,400,0.03542
noise,3,3,bbq_sauce,9,1,145,0.02589
noise,3,4,ketchup,0,1,178,0.02122
noise,3,4,ketchup,1,0,400,0.02929
noise,3,4,ketchup,2,0,400,0.02827
noise,3,4,ketchup,3,0,400,0.02805
noise,3,4,ketchup,4,0,400,0.03029
noise,3,4,ketchup,5,0,400,0.0289
noise,3,4,ketchup,6,0,400,0.02766
noise,3,4,ketchup,7,0,400,0.03215
noise,3,4,ketchup,8,0,400,0.03353
noise,3,4,ketchup,9,0,400,0.02746
noise,3,5,tomato_sauce,0,0,400,0.03324
noise,3,5,tomato_sauce,1,0,400,0.03671
noise,3,5,tomato_sauce,2,1,141,0.03378
noise,3,5,tomato_sauce,3,0,400,0.0321
noise,3,5,tomato_sauce,4,1,183,0.02469
noise,3,5,tomato_sauce,5,0,400,0.03403
noise,3,5,tomato_sauce,6,0,400,0.02951
noise,3,5,tomato_sauce,7,0,400,0.03638
noise,3,5,tomato_sauce,8,0,400,0.03671
noise,3,5,tomato_sauce,9,0,400,0.03605
noise,3,6,butter,0,0,400,0.04285
noise,3,6,butter,1,0,400,0.04305
noise,3,6,butter,2,0,400,0.04393
noise,3,6,butter,3,0,400,0.0397
noise,3,6,butter,4,1,248,0.03179
noise,3,6,butter,5,0,400,0.04026
noise,3,6,butter,6,0,400,0.03975
noise,3,6,butter,7,0,400,0.04248
noise,3,6,butter,8,0,400,0.04361
noise,3,6,butter,9,0,400,0.04101
noise,3,7,milk,0,1,142,0.02057
noise,3,7,milk,1,1,143,0.01885
noise,3,7,milk,2,1,141,0.02045
noise,3,7,milk,3,1,143,0.01861
noise,3,7,milk,4,1,148,0.01977
noise,3,7,milk,5,1,142,0.02007
noise,3,7,milk,6,1,151,0.01834
noise,3,7,milk,7,1,143,0.02007
noise,3,7,milk,8,1,147,0.02084
noise,3,7,milk,9,1,140,0.02031
noise,3,8,chocolate_pudding,0,1,208,0.02742
noise,3,8,chocolate_pudding,1,1,168,0.02027
noise,3,8,chocolate_pudding,2,1,208,0.02555
noise,3,8,chocolate_pudding,3,1,211,0.02339
noise,3,8,chocolate_pudding,4,1,158,0.01958
noise,3,8,chocolate_pudding,5,1,200,0.02469
noise,3,8,chocolate_pudding,6,1,209,0.0241
noise,3,8,chocolate_pudding,7,1,232,0.0237
noise,3,8,chocolate_pudding,8,1,186,0.02496
noise,3,8,chocolate_pudding,9,1,199,0.02635
noise,3,9,orange_juice,0,1,128,0.02141
noise,3,9,orange_juice,1,1,117,0.02118
noise,3,9,orange_juice,2,0,400,0.0409
noise,3,9,orange_juice,3,0,400,0.03926
noise,3,9,orange_juice,4,0,400,0.04348
noise,3,9,orange_juice,5,1,128,0.02132
noise,3,9,orange_juice,6,0,400,0.04113
noise,3,9,orange_juice,7,1,132,0.0299
noise,3,9,orange_juice,8,0,400,0.0414
noise,3,9,orange_juice,9,1,138,0.02681
noise,4,0,alphabet_soup,0,0,400,0.03662
noise,4,0,alphabet_soup,1,0,400,0.03823
noise,4,0,alphabet_soup,2,0,400,0.03711
noise,4,0,alphabet_soup,3,0,400,0.03992
noise,4,0,alphabet_soup,4,0,400,0.0344
noise,4,0,alphabet_soup,5,0,400,0.0361
noise,4,0,alphabet_soup,6,0,400,0.03805
noise,4,0,alphabet_soup,7,0,400,0.0379
noise,4,0,alphabet_soup,8,0,400,0.03777
noise,4,0,alphabet_soup,9,0,400,0.03216
noise,4,1,cream_cheese,0,0,400,0.04626
noise,4,1,cream_cheese,1,0,400,0.04665
noise,4,1,cream_cheese,2,0,400,0.04935
noise,4,1,cream_cheese,3,0,400,0.04814
noise,4,1,cream_cheese,4,0,400,0.04757
noise,4,1,cream_cheese,5,0,400,0.04962
noise,4,1,cream_cheese,6,0,400,0.04604
noise,4,1,cream_cheese,7,0,400,0.04883
noise,4,1,cream_cheese,8,0,400,0.04973
noise,4,1,cream_cheese,9,0,400,0.04947
noise,4,2,salad_dressing,0,0,400,0.03634
noise,4,2,salad_dressing,1,0,400,0.03501
noise,4,2,salad_dressing,2,0,400,0.03354
noise,4,2,salad_dressing,3,0,400,0.04078
noise,4,2,salad_dressing,4,0,400,0.04088
noise,4,2,salad_dressing,5,0,400,0.03257
noise,4,2,salad_dressing,6,0,400,0.03645
noise,4,2,salad_dressing,7,0,400,0.04023
noise,4,2,salad_dressing,8,0,400,0.03364
noise,4,2,salad_dressing,9,0,400,0.03318
noise,4,3,bbq_sauce,0,0,400,0.03199
noise,4,3,bbq_sauce,1,0,400,0.03088
noise,4,3,bbq_sauce,2,0,400,0.03203
noise,4,3,bbq_sauce,3,0,400,0.03127
noise,4,3,bbq_sauce,4,0,400,0.02918
noise,4,3,bbq_sauce,5,0,400,0.03249
noise,4,3,bbq_sauce,6,0,400,0.03493
noise,4,3,bbq_sauce,7,0,400,0.03259
noise,4,3,bbq_sauce,8,0,400,0.03218
noise,4,3,bbq_sauce,9,0,400,0.03208
noise,4,4,ketchup,0,0,400,0.03523
noise,4,4,ketchup,1,0,400,0.03714
noise,4,4,ketchup,2,0,400,0.03913
noise,4,4,ketchup,3,0,400,0.03933
noise,4,4,ketchup,4,0,400,0.03636
noise,4,4,ketchup,5,0,400,0.03302
noise,4,4,ketchup,6,0,400,0.03509
noise,4,4,ketchup,7,0,400,0.03516
noise,4,4,ketchup,8,0,400,0.03765
noise,4,4,ketchup,9,0,400,0.03005
noise,4,5,tomato_sauce,0,0,400,0.03233
noise,4,5,tomato_sauce,1,0,400,0.03154
noise,4,5,tomato_sauce,2,0,400,0.03297
noise,4,5,tomato_sauce,3,0,400,0.0324
noise,4,5,tomato_sauce,4,0,400,0.03392
noise,4,5,tomato_sauce,5,0,400,0.03225
noise,4,5,tomato_sauce,6,0,400,0.03278
noise,4,5,tomato_sauce,7,0,400,0.03655
noise,4,5,tomato_sauce,8,0,400,0.03583
noise,4,5,tomato_sauce,9,0,400,0.03287
noise,4,6,butter,0,0,400,0.03848
noise,4,6,butter,1,0,400,0.04299
noise,4,6,butter,2,0,400,0.03902
noise,4,6,butter,3,0,400,0.0408
noise,4,6,butter,4,0,400,0.03936
noise,4,6,butter,5,0,400,0.04004
noise,4,6,butter,6,0,400,0.04099
noise,4,6,butter,7,0,400,0.04356
noise,4,6,butter,8,0,400,0.04385
noise,4,6,butter,9,0,400,0.04079
noise,4,7,milk,0,0,400,0.0475
noise,4,7,milk,1,0,400,0.04929
noise,4,7,milk,2,0,400,0.04655
noise,4,7,milk,3,0,400,0.04579
noise,4,7,milk,4,0,400,0.04543
noise,4,7,milk,5,0,400,0.04529
noise,4,7,milk,6,0,400,0.04489
noise,4,7,milk,7,0,400,0.04631
noise,4,7,milk,8,0,400,0.04699
noise,4,7,milk,9,0,400,0.0469
noise,4,8,chocolate_pudding,0,0,400,0.04586
noise,4,8,chocolate_pudding,1,0,400,0.03532
noise,4,8,chocolate_pudding,2,0,400,0.04377
noise,4,8,chocolate_pudding,3,0,400,0.04644
noise,4,8,chocolate_pudding,4,0,400,0.04416
noise,4,8,chocolate_pudding,5,0,400,0.03405
noise,4,8,chocolate_pudding,6,0,400,0.03502
noise,4,8,chocolate_pudding,7,0,400,0.04303
noise,4,8,chocolate_pudding,8,0,400,0.03611
noise,4,8,chocolate_pudding,9,0,400,0.04662
noise,4,9,orange_juice,0,0,400,0.04189
noise,4,9,orange_juice,1,0,400,0.04022
noise,4,9,orange_juice,2,0,400,0.04089
noise,4,9,orange_juice,3,0,400,0.03985
noise,4,9,orange_juice,4,0,400,0.04212
noise,4,9,orange_juice,5,0,400,0.03914
noise,4,9,orange_juice,6,0,400,0.04012
noise,4,9,orange_juice,7,0,400,0.04011
noise,4,9,orange_juice,8,0,400,0.04016
noise,4,9,orange_juice,9,0,400,0.04155
noise,5,0,alphabet_soup,0,0,400,0.04203
noise,5,0,alphabet_soup,1,0,400,0.04152
noise,5,0,alphabet_soup,2,0,400,0.04179
noise,5,0,alphabet_soup,3,0,400,0.03902
noise,5,0,alphabet_soup,4,0,400,0.04078
noise,5,0,alphabet_soup,5,0,400,0.03791
noise,5,0,alphabet_soup,6,0,400,0.03824
noise,5,0,alphabet_soup,7,0,400,0.037
noise,5,0,alphabet_soup,8,0,400,0.03908
noise,5,0,alphabet_soup,9,0,400,0.03728
noise,5,1,cream_cheese,0,0,400,0.0455
noise,5,1,cream_cheese,1,0,400,0.04555
noise,5,1,cream_cheese,2,0,400,0.04578
noise,5,1,cream_cheese,3,0,400,0.04504
noise,5,1,cream_cheese,4,0,400,0.04622
noise,5,1,cream_cheese,5,0,400,0.0449
noise,5,1,cream_cheese,6,0,400,0.04513
noise,5,1,cream_cheese,7,0,400,0.04649
noise,5,1,cream_cheese,8,0,400,0.04664
noise,5,1,cream_cheese,9,0,400,0.04514
noise,5,2,salad_dressing,0,0,400,0.03157
noise,5,2,salad_dressing,1,0,400,0.03119
noise,5,2,salad_dressing,2,0,400,0.03052
noise,5,2,salad_dressing,3,0,400,0.03145
noise,5,2,salad_dressing,4,0,400,0.03002
noise,5,2,salad_dressing,5,0,400,0.03021
noise,5,2,salad_dressing,6,0,400,0.03088
noise,5,2,salad_dressing,7,0,400,0.03045
noise,5,2,salad_dressing,8,0,400,0.03
noise,5,2,salad_dressing,9,0,400,0.03133
noise,5,3,bbq_sauce,0,0,400,0.03615
noise,5,3,bbq_sauce,1,0,400,0.03575
noise,5,3,bbq_sauce,2,0,400,0.03503
noise,5,3,bbq_sauce,3,0,400,0.03498
noise,5,3,bbq_sauce,4,0,400,0.03451
noise,5,3,bbq_sauce,5,0,400,0.03576
noise,5,3,bbq_sauce,6,0,400,0.03477
noise,5,3,bbq_sauce,7,0,400,0.0354
noise,5,3,bbq_sauce,8,0,400,0.03653
noise,5,3,bbq_sauce,9,0,400,0.03595
noise,5,4,ketchup,0,0,400,0.03878
noise,5,4,ketchup,1,0,400,0.04143
noise,5,4,ketchup,2,0,400,0.03838
noise,5,4,ketchup,3,0,400,0.0372
noise,5,4,ketchup,4,0,400,0.0355
noise,5,4,ketchup,5,0,400,0.04064
noise,5,4,ketchup,6,0,400,0.03595
noise,5,4,ketchup,7,0,400,0.03761
noise,5,4,ketchup,8,0,400,0.03768
noise,5,4,ketchup,9,0,400,0.04132
noise,5,5,tomato_sauce,0,0,400,0.03465
noise,5,5,tomato_sauce,1,0,400,0.03627
noise,5,5,tomato_sauce,2,0,400,0.03509
noise,5,5,tomato_sauce,3,0,400,0.03623
noise,5,5,tomato_sauce,4,0,400,0.03469
noise,5,5,tomato_sauce,5,0,400,0.03572
noise,5,5,tomato_sauce,6,0,400,0.0353
noise,5,5,tomato_sauce,7,0,400,0.03445
noise,5,5,tomato_sauce,8,0,400,0.03521
noise,5,5,tomato_sauce,9,0,400,0.03529
noise,5,6,butter,0,0,400,0.03732
noise,5,6,butter,1,0,400,0.03785
noise,5,6,butter,2,0,400,0.03734
noise,5,6,butter,3,0,400,0.03811
noise,5,6,butter,4,0,400,0.03712
noise,5,6,butter,5,0,400,0.03683
noise,5,6,butter,6,0,400,0.03755
noise,5,6,butter,7,0,400,0.0382
noise,5,6,butter,8,0,400,0.03756
noise,5,6,butter,9,0,400,0.0374
noise,5,7,milk,0,0,400,0.04285
noise,5,7,milk,1,0,400,0.04323
noise,5,7,milk,2,0,400,0.04211
noise,5,7,milk,3,0,400,0.04248
noise,5,7,milk,4,0,400,0.04283
noise,5,7,milk,5,0,400,0.04336
noise,5,7,milk,6,0,400,0.0428
noise,5,7,milk,7,0,400,0.04166
noise,5,7,milk,8,0,400,0.04342
noise,5,7,milk,9,0,400,0.04124
noise,5,8,chocolate_pudding,0,0,400,0.04675
noise,5,8,chocolate_pudding,1,0,400,0.03812
noise,5,8,chocolate_pudding,2,0,400,0.0455
noise,5,8,chocolate_pudding,3,0,400,0.03674
noise,5,8,chocolate_pudding,4,0,400,0.04671
noise,5,8,chocolate_pudding,5,0,400,0.04344
noise,5,8,chocolate_pudding,6,0,400,0.04547
noise,5,8,chocolate_pudding,7,0,400,0.04674
noise,5,8,chocolate_pudding,8,0,400,0.03733
noise,5,8,chocolate_pudding,9,0,400,0.03968
noise,5,9,orange_juice,0,0,400,0.04308
noise,5,9,orange_juice,1,0,400,0.04311
noise,5,9,orange_juice,2,0,400,0.04178
noise,5,9,orange_juice,3,0,400,0.04272
noise,5,9,orange_juice,4,0,400,0.04432
noise,5,9,orange_juice,5,0,400,0.04505
noise,5,9,orange_juice,6,0,400,0.04437
noise,5,9,orange_juice,7,0,400,0.04418
noise,5,9,orange_juice,8,0,400,0.04372
noise,5,9,orange_juice,9,0,400,0.04353
blur,1,0,alphabet_soup,0,0,400,0.03705
blur,1,0,alphabet_soup,1,0,400,0.03635
blur,1,0,alphabet_soup,2,1,142,0.02045
blur,1,0,alphabet_soup,3,0,400,0.04145
blur,1,0,alphabet_soup,4,0,400,0.04677
blur,1,0,alphabet_soup,5,1,174,0.02516
blur,1,0,alphabet_soup,6,1,177,0.02656
blur,1,0,alphabet_soup,7,1,230,0.03021
blur,1,0,alphabet_soup,8,1,178,0.02473
blur,1,0,alphabet_soup,9,0,400,0.0455
blur,1,1,cream_cheese,0,0,400,0.03292
blur,1,1,cream_cheese,1,0,400,0.03418
blur,1,1,cream_cheese,2,1,170,0.02676
blur,1,1,cream_cheese,3,0,400,0.0254
blur,1,1,cream_cheese,4,0,400,0.02705
blur,1,1,cream_cheese,5,1,172,0.02659
blur,1,1,cream_cheese,6,0,400,0.03876
blur,1,1,cream_cheese,7,0,400,0.03235
blur,1,1,cream_cheese,8,0,400,0.02728
blur,1,1,cream_cheese,9,0,400,0.03665
blur,1,2,salad_dressing,0,1,140,0.0264
blur,1,2,salad_dressing,1,1,131,0.02594
blur,1,2,salad_dressing,2,1,121,0.02514
blur,1,2,salad_dressing,3,1,120,0.02297
blur,1,2,salad_dressing,4,1,148,0.02676
blur,1,2,salad_dressing,5,1,120,0.02439
blur,1,2,salad_dressing,6,1,184,0.02992
blur,1,2,salad_dressing,7,1,126,0.0251
blur,1,2,salad_dressing,8,1,134,0.02499
blur,1,2,salad_dressing,9,1,119,0.02208
blur,1,3,bbq_sauce,0,0,400,0.03731
blur,1,3,bbq_sauce,1,0,400,0.03598
blur,1,3,bbq_sauce,2,1,245,0.0287
blur,1,3,bbq_sauce,3,0,400,0.03729
blur,1,3,bbq_sauce,4,0,400,0.03554
blur,1,3,bbq_sauce,5,1,297,0.03189
blur,1,3,bbq_sauce,6,0,400,0.03728
blur,1,3,bbq_sauce,7,0,400,0.03494
blur,1,3,bbq_sauce,8,0,400,0.0333
blur,1,3,bbq_sauce,9,0,400,0.03699
blur,1,4,ketchup,0,0,400,0.03019
blur,1,4,ketchup,1,0,400,0.03222
blur,1,4,ketchup,2,1,219,0.02535
blur,1,4,ketchup,3,1,235,0.02584
blur,1,4,ketchup,4,0,400,0.02874
blur,1,4,ketchup,5,0,400,0.03169
blur,1,4,ketchup,6,1,250,0.02722
blur,1,4,ketchup,7,0,400,0.03057
blur,1,4,ketchup,8,0,400,0.02892
blur,1,4,ketchup,9,0,400,0.0252
blur,1,5,tomato_sauce,0,0,400,0.03673
blur,1,5,tomato_sauce,1,0,400,0.03332
blur,1,5,tomato_sauce,2,0,400,0.03155
blur,1,5,tomato_sauce,3,0,400,0.02741
blur,1,5,tomato_sauce,4,1,245,0.0329
blur,1,5,tomato_sauce,5,1,193,0.03058
blur,1,5,tomato_sauce,6,0,400,0.03397
blur,1,5,tomato_sauce,7,1,188,0.02905
blur,1,5,tomato_sauce,8,0,400,0.03181
blur,1,5,tomato_sauce,9,1,246,0.03905
blur,1,6,butter,0,0,400,0.03718
blur,1,6,butter,1,1,234,0.02952
blur,1,6,butter,2,0,400,0.03686
blur,1,6,butter,3,0,400,0.0368
blur,1,6,butter,4,1,172,0.02684
blur,1,6,butter,5,0,400,0.03495
blur,1,6,butter,6,1,353,0.03258
blur,1,6,butter,7,0,400,0.03752
blur,1,6,butter,8,0,400,0.04061
blur,1,6,butter,9,0,400,0.03445
blur,1,7,milk,0,1,151,0.02208
blur,1,7,milk,1,1,146,0.02147
blur,1,7,milk,2,1,157,0.02362
blur,1,7,milk,3,1,146,0.02103
blur,1,7,milk,4,0,400,0.03862
blur,1,7,milk,5,1,148,0.0219
blur,1,7,milk,6,0,400,0.03909
blur,1,7,milk,7,1,149,0.02353
blur,1,7,milk,8,1,149,0.02326
blur,1,7,milk,9,1,147,0.02121
blur,1,8,chocolate_pudding,0,1,210,0.01931
blur,1,8,chocolate_pudding,1,1,275,0.02441
blur,1,8,chocolate_pudding,2,1,258,0.0231
blur,1,8,chocolate_pudding,3,0,400,0.02535
blur,1,8,chocolate_pudding,4,1,314,0.02567
blur,1,8,chocolate_pudding,5,1,273,0.02682
blur,1,8,chocolate_pudding,6,1,226,0.02163
blur,1,8,chocolate_pudding,7,1,290,0.02563
blur,1,8,chocolate_pudding,8,1,337,0.02703
blur,1,8,chocolate_pudding,9,1,274,0.02658
blur,1,9,orange_juice,0,0,400,0.03967
blur,1,9,orange_juice,1,0,400,0.0377
blur,1,9,orange_juice,2,0,400,0.03886
blur,1,9,orange_juice,3,0,400,0.03572
blur,1,9,orange_juice,4,0,400,0.03344
blur,1,9,orange_juice,5,1,372,0.03364
blur,1,9,orange_juice,6,1,124,0.022
blur,1,9,orange_juice,7,1,131,0.02339
blur,1,9,orange_juice,8,1,132,0.02211
blur,1,9,orange_juice,9,1,123,0.01984
blur,2,0,alphabet_soup,0,0,400,0.04847
blur,2,0,alphabet_soup,1,1,281,0.04255
blur,2,0,alphabet_soup,2,1,267,0.0426
blur,2,0,alphabet_soup,3,0,400,0.05323
blur,2,0,alphabet_soup,4,0,400,0.0422
blur,2,0,alphabet_soup,5,1,301,0.04102
blur,2,0,alphabet_soup,6,0,400,0.05261
blur,2,0,alphabet_soup,7,0,400,0.0337
blur,2,0,alphabet_soup,8,0,400,0.05045
blur,2,0,alphabet_soup,9,0,400,0.04232
blur,2,1,cream_cheese,0,0,400,0.03476
blur,2,1,cream_cheese,1,0,400,0.02994
blur,2,1,cream_cheese,2,0,400,0.0389
blur,2,1,cream_cheese,3,1,210,0.03394
blur,2,1,cream_cheese,4,1,281,0.03712
blur,2,1,cream_cheese,5,0,400,0.0363
blur,2,1,cream_cheese,6,0,400,0.041
blur,2,1,cream_cheese,7,0,400,0.04205
blur,2,1,cream_cheese,8,1,162,0.02989
blur,2,1,cream_cheese,9,0,400,0.04095
blur,2,2,salad_dressing,0,0,400,0.04184
blur,2,2,salad_dressing,1,1,154,0.03382
blur,2,2,salad_dressing,2,1,122,0.02685
blur,2,2,salad_dressing,3,1,131,0.02839
blur,2,2,salad_dressing,4,0,400,0.04392
blur,2,2,salad_dressing,5,1,123,0.02698
blur,2,2,salad_dressing,6,1,127,0.02661
blur,2,2,salad_dressing,7,1,123,0.03214
blur,2,2,salad_dressing,8,1,135,0.02925
blur,2,2,salad_dressing,9,1,135,0.02698
blur,2,3,bbq_sauce,0,0,400,0.03316
blur,2,3,bbq_sauce,1,0,400,0.03575
blur,2,3,bbq_sauce,2,1,146,0.0346
blur,2,3,bbq_sauce,3,0,400,0.0324
blur,2,3,bbq_sauce,4,0,400,0.03747
blur,2,3,bbq_sauce,5,1,157,0.03422
blur,2,3,bbq_sauce,6,0,400,0.03649
blur,2,3,bbq_sauce,7,0,400,0.03486
blur,2,3,bbq_sauce,8,0,400,0.03645
blur,2,3,bbq_sauce,9,0,400,0.03527
blur,2,4,ketchup,0,1,359,0.03394
blur,2,4,ketchup,1,0,400,0.03608
blur,2,4,ketchup,2,0,400,0.03109
blur,2,4,ketchup,3,0,400,0.03182
blur,2,4,ketchup,4,0,400,0.03399
blur,2,4,ketchup,5,0,400,0.03138
blur,2,4,ketchup,6,0,400,0.03533
blur,2,4,ketchup,7,0,400,0.03579
blur,2,4,ketchup,8,0,400,0.03786
blur,2,4,ketchup,9,0,400,0.03474
blur,2,5,tomato_sauce,0,1,239,0.03649
blur,2,5,tomato_sauce,1,1,205,0.03404
blur,2,5,tomato_sauce,2,1,205,0.03183
blur,2,5,tomato_sauce,3,1,244,0.03845
blur,2,5,tomato_sauce,4,1,278,0.03502
blur,2,5,tomato_sauce,5,0,400,0.03322
blur,2,5,tomato_sauce,6,1,370,0.0396
blur,2,5,tomato_sauce,7,0,400,0.03552
blur,2,5,tomato_sauce,8,0,400,0.03684
blur,2,5,tomato_sauce,9,0,400,0.0373
blur,2,6,butter,0,1,362,0.03347
blur,2,6,butter,1,0,400,0.03947
blur,2,6,butter,2,0,400,0.03346
blur,2,6,butter,3,1,284,0.0366
blur,2,6,butter,4,1,346,0.03421
blur,2,6,butter,5,0,400,0.04223
blur,2,6,butter,6,0,400,0.03838
blur,2,6,butter,7,0,400,0.0369
blur,2,6,butter,8,0,400,0.0329
blur,2,6,butter,9,0,400,0.03513
blur,2,7,milk,0,0,400,0.04492
blur,2,7,milk,1,0,400,0.04356
blur,2,7,milk,2,0,400,0.04304
blur,2,7,milk,3,0,400,0.04261
blur,2,7,milk,4,1,149,0.02596
blur,2,7,milk,5,1,245,0.03677
blur,2,7,milk,6,1,168,0.03191
blur,2,7,milk,7,1,150,0.02659
blur,2,7,milk,8,1,154,0.02794
blur,2,7,milk,9,0,400,0.04279
blur,2,8,chocolate_pudding,0,1,258,0.02543
blur,2,8,chocolate_pudding,1,1,322,0.02398
blur,2,8,chocolate_pudding,2,1,250,0.02438
blur,2,8,chocolate_pudding,3,1,250,0.02377
blur,2,8,chocolate_pudding,4,1,289,0.02804
blur,2,8,chocolate_pudding,5,1,250,0.0252
blur,2,8,chocolate_pudding,6,1,250,0.02467
blur,2,8,chocolate_pudding,7,1,282,0.03097
blur,2,8,chocolate_pudding,8,1,353,0.02763
blur,2,8,chocolate_pudding,9,1,271,0.02842
blur,2,9,orange_juice,0,0,400,0.03705
blur,2,9,orange_juice,1,1,128,0.02798
blur,2,9,orange_juice,2,0,400,0.04654
blur,2,9,orange_juice,3,0,400,0.04111
blur,2,9,orange_juice,4,0,400,0.03873
blur,2,9,orange_juice,5,1,128,0.02775
blur,2,9,orange_juice,6,1,129,0.02741
blur,2,9,orange_juice,7,1,138,0.02855
blur,2,9,orange_juice,8,1,127,0.02616
blur,2,9,orange_juice,9,1,130,0.02611
blur,3,0,alphabet_soup,0,0,400,0.04787
blur,3,0,alphabet_soup,1,0,400,0.04323
blur,3,0,alphabet_soup,2,0,400,0.03834
blur,3,0,alphabet_soup,3,0,400,0.04447
blur,3,0,alphabet_soup,4,0,400,0.04459
blur,3,0,alphabet_soup,5,0,400,0.04432
blur,3,0,alphabet_soup,6,0,400,0.04719
blur,3,0,alphabet_soup,7,0,400,0.04566
blur,3,0,alphabet_soup,8,0,400,0.04966
blur,3,0,alphabet_soup,9,0,400,0.04602
blur,3,1,cream_cheese,0,1,161,0.02869
blur,3,1,cream_cheese,1,0,400,0.02626
blur,3,1,cream_cheese,2,1,177,0.03107
blur,3,1,cream_cheese,3,1,194,0.03366
blur,3,1,cream_cheese,4,1,169,0.03
blur,3,1,cream_cheese,5,0,400,0.03841
blur,3,1,cream_cheese,6,1,161,0.02885
blur,3,1,cream_cheese,7,1,161,0.03025
blur,3,1,cream_cheese,8,0,400,0.04196
blur,3,1,cream_cheese,9,1,169,0.0314
blur,3,2,salad_dressing,0,1,222,0.03033
blur,3,2,salad_dressing,1,1,246,0.0319
blur,3,2,salad_dressing,2,1,196,0.03112
blur,3,2,salad_dressing,3,1,203,0.03037
blur,3,2,salad_dressing,4,1,130,0.02987
blur,3,2,salad_dressing,5,1,203,0.0317
blur,3,2,salad_dressing,6,1,124,0.02821
blur,3,2,salad_dressing,7,1,146,0.03063
blur,3,2,salad_dressing,8,1,243,0.03073
blur,3,2,salad_dressing,9,1,128,0.02861
blur,3,3,bbq_sauce,0,0,400,0.03676
blur,3,3,bbq_sauce,1,0,400,0.03349
blur,3,3,bbq_sauce,2,0,400,0.03833
blur,3,3,bbq_sauce,3,0,400,0.034
blur,3,3,bbq_sauce,4,0,400,0.03419
blur,3,3,bbq_sauce,5,0,400,0.03658
blur,3,3,bbq_sauce,6,0,400,0.04024
blur,3,3,bbq_sauce,7,0,400,0.03674
blur,3,3,bbq_sauce,8,0,400,0.03723
blur,3,3,bbq_sauce,9,0,400,0.03533
blur,3,4,ketchup,0,0,400,0.03609
blur,3,4,ketchup,1,0,400,0.03354
blur,3,4,ketchup,2,0,400,0.03631
blur,3,4,ketchup,3,0,400,0.03752
blur,3,4,ketchup,4,0,400,0.0375
blur,3,4,ketchup,5,0,400,0.03767
blur,3,4,ketchup,6,0,400,0.03831
blur,3,4,ketchup,7,0,400,0.03813
blur,3,4,ketchup,8,0,400,0.03844
blur,3,4,ketchup,9,0,400,0.0383
blur,3,5,tomato_sauce,0,1,236,0.04013
blur,3,5,tomato_sauce,1,1,241,0.03713
blur,3,5,tomato_sauce,2,0,400,0.04874
blur,3,5,tomato_sauce,3,0,400,0.04175
blur,3,5,tomato_sauce,4,0,400,0.03928
blur,3,5,tomato_sauce,5,0,400,0.03994
blur,3,5,tomato_sauce,6,0,400,0.04735
blur,3,5,tomato_sauce,7,1,236,0.03564
blur,3,5,tomato_sauce,8,0,400,0.04326
blur,3,5,tomato_sauce,9,1,204,0.04408
blur,3,6,butter,0,0,400,0.04233
blur,3,6,butter,1,1,297,0.04059
blur,3,6,butter,2,1,258,0.03807
blur,3,6,butter,3,1,348,0.03978
blur,3,6,butter,4,1,289,0.03929
blur,3,6,butter,5,1,299,0.03682
blur,3,6,butter,6,1,264,0.03918
blur,3,6,butter,7,0,400,0.04085
blur,3,6,butter,8,1,266,0.0377
blur,3,6,butter,9,1,338,0.03559
blur,3,7,milk,0,1,158,0.02741
blur,3,7,milk,1,0,400,0.04273
blur,3,7,milk,2,0,400,0.03877
blur,3,7,milk,3,0,400,0.04055
blur,3,7,milk,4,1,156,0.02742
blur,3,7,milk,5,0,400,0.0398
blur,3,7,milk,6,0,400,0.03358
blur,3,7,milk,7,1,158,0.02623
blur,3,7,milk,8,1,161,0.02634
blur,3,7,milk,9,0,400,0.03974
blur,3,8,chocolate_pudding,0,0,400,0.02874
blur,3,8,chocolate_pudding,1,1,270,0.02395
blur,3,8,chocolate_pudding,2,1,233,0.02741
blur,3,8,chocolate_pudding,3,0,400,0.02855
blur,3,8,chocolate_pudding,4,0,400,0.02842
blur,3,8,chocolate_pudding,5,0,400,0.02989
blur,3,8,chocolate_pudding,6,0,400,0.02818
blur,3,8,chocolate_pudding,7,0,400,0.03037
blur,3,8,chocolate_pudding,8,1,257,0.0247
blur,3,8,chocolate_pudding,9,1,233,0.02408
blur,3,9,orange_juice,0,0,400,0.04438
blur,3,9,orange_juice,1,0,400,0.0451
blur,3,9,orange_juice,2,1,125,0.0293
blur,3,9,orange_juice,3,0,400,0.0336
blur,3,9,orange_juice,4,0,400,0.03887
blur,3,9,orange_juice,5,0,400,0.04465
blur,3,9,orange_juice,6,0,400,0.04317
blur,3,9,orange_juice,7,0,400,0.04197
blur,3,9,orange_juice,8,0,400,0.04116
blur,3,9,orange_juice,9,0,400,0.04481
blur,4,0,alphabet_soup,0,0,400,0.04644
blur,4,0,alphabet_soup,1,0,400,0.04294
blur,4,0,alphabet_soup,2,0,400,0.04253
blur,4,0,alphabet_soup,3,0,400,0.04325
blur,4,0,alphabet_soup,4,0,400,0.04062
blur,4,0,alphabet_soup,5,0,400,0.04266
blur,4,0,alphabet_soup,6,0,400,0.04241
blur,4,0,alphabet_soup,7,0,400,0.04254
blur,4,0,alphabet_soup,8,0,400,0.04531
blur,4,0,alphabet_soup,9,0,400,0.04631
blur,4,1,cream_cheese,0,1,169,0.02847
blur,4,1,cream_cheese,1,1,177,0.02975
blur,4,1,cream_cheese,2,1,168,0.02936
blur,4,1,cream_cheese,3,1,305,0.03809
blur,4,1,cream_cheese,4,1,169,0.02924
blur,4,1,cream_cheese,5,1,209,0.03383
blur,4,1,cream_cheese,6,1,161,0.02967
blur,4,1,cream_cheese,7,1,161,0.03067
blur,4,1,cream_cheese,8,1,152,0.02783
blur,4,1,cream_cheese,9,1,160,0.02753
blur,4,2,salad_dressing,0,1,260,0.02911
blur,4,2,salad_dressing,1,0,400,0.04081
blur,4,2,salad_dressing,2,0,400,0.03915
blur,4,2,salad_dressing,3,0,400,0.04073
blur,4,2,salad_dressing,4,1,123,0.02422
blur,4,2,salad_dressing,5,0,400,0.0389
blur,4,2,salad_dressing,6,0,400,0.03903
blur,4,2,salad_dressing,7,0,400,0.03841
blur,4,2,salad_dressing,8,1,256,0.03682
blur,4,2,salad_dressing,9,0,400,0.03996
blur,4,3,bbq_sauce,0,0,400,0.04303
blur,4,3,bbq_sauce,1,0,400,0.04206
blur,4,3,bbq_sauce,2,0,400,0.04026
blur,4,3,bbq_sauce,3,0,400,0.04304
blur,4,3,bbq_sauce,4,0,400,0.04307
blur,4,3,bbq_sauce,5,0,400,0.04226
blur,4,3,bbq_sauce,6,0,400,0.04297
blur,4,3,bbq_sauce,7,0,400,0.0428
blur,4,3,bbq_sauce,8,0,400,0.04188
blur,4,3,bbq_sauce,9,0,400,0.04358
blur,4,4,ketchup,0,0,400,0.03693
blur,4,4,ketchup,1,0,400,0.03782
blur,4,4,ketchup,2,0,400,0.0328
blur,4,4,ketchup,3,0,400,0.03535
blur,4,4,ketchup,4,0,400,0.03661
blur,4,4,ketchup,5,0,400,0.03688
blur,4,4,ketchup,6,0,400,0.03251
blur,4,4,ketchup,7,0,400,0.03599
blur,4,4,ketchup,8,0,400,0.03611
blur,4,4,ketchup,9,0,400,0.03611
blur,4,5,tomato_sauce,0,0,400,0.03574
blur,4,5,tomato_sauce,1,0,400,0.03849
blur,4,5,tomato_sauce,2,0,400,0.03619
blur,4,5,tomato_sauce,3,0,400,0.03498
blur,4,5,tomato_sauce,4,0,400,0.03707
blur,4,5,tomato_sauce,5,0,400,0.03937
blur,4,5,tomato_sauce,6,0,400,0.04169
blur,4,5,tomato_sauce,7,0,400,0.03607
blur,4,5,tomato_sauce,8,0,400,0.03672
blur,4,5,tomato_sauce,9,0,400,0.03993
blur,4,6,butter,0,0,400,0.03875
blur,4,6,butter,1,0,400,0.0387
blur,4,6,butter,2,1,242,0.03499
blur,4,6,butter,3,0,400,0.03754
blur,4,6,butter,4,0,400,0.03815
blur,4,6,butter,5,1,241,0.03506
blur,4,6,butter,6,0,400,0.03864
blur,4,6,butter,7,1,225,0.03411
blur,4,6,butter,8,1,240,0.03467
blur,4,6,butter,9,0,400,0.03768
blur,4,7,milk,0,0,400,0.0372
blur,4,7,milk,1,0,400,0.0267
blur,4,7,milk,2,1,170,0.02506
blur,4,7,milk,3,0,400,0.02703
blur,4,7,milk,4,0,400,0.02702
blur,4,7,milk,5,1,160,0.02367
blur,4,7,milk,6,0,400,0.03126
blur,4,7,milk,7,1,161,0.02452
blur,4,7,milk,8,1,167,0.02455
blur,4,7,milk,9,0,400,0.02748
blur,4,8,chocolate_pudding,0,1,260,0.02688
blur,4,8,chocolate_pudding,1,1,360,0.02823
blur,4,8,chocolate_pudding,2,0,400,0.03055
blur,4,8,chocolate_pudding,3,0,400,0.03056
blur,4,8,chocolate_pudding,4,1,292,0.02821
blur,4,8,chocolate_pudding,5,1,137,0.02029
blur,4,8,chocolate_pudding,6,0,400,0.03031
blur,4,8,chocolate_pudding,7,0,400,0.02773
blur,4,8,chocolate_pudding,8,0,400,0.02816
blur,4,8,chocolate_pudding,9,1,263,0.0268
blur,4,9,orange_juice,0,0,400,0.03252
blur,4,9,orange_juice,1,0,400,0.03404
blur,4,9,orange_juice,2,0,400,0.03837
blur,4,9,orange_juice,3,0,400,0.03962
blur,4,9,orange_juice,4,0,400,0.04746
blur,4,9,orange_juice,5,0,400,0.03613
blur,4,9,orange_juice,6,0,400,0.03926
blur,4,9,orange_juice,7,0,400,0.03568
blur,4,9,orange_juice,8,0,400,0.03685
blur,4,9,orange_juice,9,0,400,0.04835
blur,5,0,alphabet_soup,0,0,400,0.04129
blur,5,0,alphabet_soup,1,0,400,0.04272
blur,5,0,alphabet_soup,2,0,400,0.0376
blur,5,0,alphabet_soup,3,0,400,0.0415
blur,5,0,alphabet_soup,4,0,400,0.0411
blur,5,0,alphabet_soup,5,0,400,0.04247
blur,5,0,alphabet_soup,6,0,400,0.05039
blur,5,0,alphabet_soup,7,0,400,0.03886
blur,5,0,alphabet_soup,8,0,400,0.0436
blur,5,0,alphabet_soup,9,0,400,0.03922
blur,5,1,cream_cheese,0,1,194,0.03162
blur,5,1,cream_cheese,1,0,400,0.03743
blur,5,1,cream_cheese,2,1,248,0.03646
blur,5,1,cream_cheese,3,1,265,0.03716
blur,5,1,cream_cheese,4,1,201,0.03214
blur,5,1,cream_cheese,5,1,265,0.03614
blur,5,1,cream_cheese,6,1,202,0.03462
blur,5,1,cream_cheese,7,1,225,0.03565
blur,5,1,cream_cheese,8,1,153,0.0288
blur,5,1,cream_cheese,9,1,225,0.03274
blur,5,2,salad_dressing,0,1,151,0.02822
blur,5,2,salad_dressing,1,0,400,0.03924
blur,5,2,salad_dressing,2,0,400,0.03921
blur,5,2,salad_dressing,3,0,400,0.03978
blur,5,2,salad_dressing,4,1,204,0.02985
blur,5,2,salad_dressing,5,0,400,0.03966
blur,5,2,salad_dressing,6,1,124,0.03053
blur,5,2,salad_dressing,7,0,400,0.03659
blur,5,2,salad_dressing,8,1,305,0.03601
blur,5,2,salad_dressing,9,0,400,0.03905
blur,5,3,bbq_sauce,0,0,400,0.04476
blur,5,3,bbq_sauce,1,0,400,0.04451
blur,5,3,bbq_sauce,2,0,400,0.04369
blur,5,3,bbq_sauce,3,0,400,0.04532
blur,5,3,bbq_sauce,4,0,400,0.04697
blur,5,3,bbq_sauce,5,0,400,0.04636
blur,5,3,bbq_sauce,6,0,400,0.04484
blur,5,3,bbq_sauce,7,0,400,0.04698
blur,5,3,bbq_sauce,8,0,400,0.04473
blur,5,3,bbq_sauce,9,0,400,0.04337
blur,5,4,ketchup,0,0,400,0.04033
blur,5,4,ketchup,1,0,400,0.03869
blur,5,4,ketchup,2,0,400,0.03986
blur,5,4,ketchup,3,0,400,0.03694
blur,5,4,ketchup,4,0,400,0.03781
blur,5,4,ketchup,5,0,400,0.03879
blur,5,4,ketchup,6,0,400,0.03409
blur,5,4,ketchup,7,0,400,0.03921
blur,5,4,ketchup,8,0,400,0.03462
blur,5,4,ketchup,9,0,400,0.0385
blur,5,5,tomato_sauce,0,0,400,0.04063
blur,5,5,tomato_sauce,1,0,400,0.0384
blur,5,5,tomato_sauce,2,0,400,0.03912
blur,5,5,tomato_sauce,3,0,400,0.03967
blur,5,5,tomato_sauce,4,0,400,0.03753
blur,5,5,tomato_sauce,5,0,400,0.04195
blur,5,5,tomato_sauce,6,0,400,0.03446
blur,5,5,tomato_sauce,7,0,400,0.03479
blur,5,5,tomato_sauce,8,0,400,0.04186
blur,5,5,tomato_sauce,9,0,400,0.04109
blur,5,6,butter,0,0,400,0.03955
blur,5,6,butter,1,0,400,0.03988
blur,5,6,butter,2,0,400,0.03874
blur,5,6,butter,3,0,400,0.0388
blur,5,6,butter,4,0,400,0.03736
blur,5,6,butter,5,0,400,0.03851
blur,5,6,butter,6,0,400,0.03764
blur,5,6,butter,7,0,400,0.03944
blur,5,6,butter,8,0,400,0.03938
blur,5,6,butter,9,0,400,0.03768
blur,5,7,milk,0,0,400,0.03747
blur,5,7,milk,1,0,400,0.03804
blur,5,7,milk,2,0,400,0.03478
blur,5,7,milk,3,0,400,0.03479
blur,5,7,milk,4,1,200,0.02644
blur,5,7,milk,5,0,400,0.03477
blur,5,7,milk,6,0,400,0.03288
blur,5,7,milk,7,0,400,0.03576
blur,5,7,milk,8,0,400,0.03761
blur,5,7,milk,9,0,400,0.03586
blur,5,8,chocolate_pudding,0,0,400,0.0275
blur,5,8,chocolate_pudding,1,0,400,0.02651
blur,5,8,chocolate_pudding,2,1,145,0.02292
blur,5,8,chocolate_pudding,3,0,400,0.02739
blur,5,8,chocolate_pudding,4,0,400,0.02755
blur,5,8,chocolate_pudding,5,0,400,0.02754
blur,5,8,chocolate_pudding,6,0,400,0.02726
blur,5,8,chocolate_pudding,7,0,400,0.02542
blur,5,8,chocolate_pudding,8,0,400,0.02879
blur,5,8,chocolate_pudding,9,1,369,0.02839
blur,5,9,orange_juice,0,0,400,0.03647
blur,5,9,orange_juice,1,0,400,0.03482
blur,5,9,orange_juice,2,0,400,0.03468
blur,5,9,orange_juice,3,0,400,0.03374
blur,5,9,orange_juice,4,0,400,0.03589
blur,5,9,orange_juice,5,0,400,0.03389
blur,5,9,orange_juice,6,0,400,0.03799
blur,5,9,orange_juice,7,0,400,0.03508
blur,5,9,orange_juice,8,0,400,0.03455
blur,5,9,orange_juice,9,0,400,0.03267
brightness,1,0,alphabet_soup,0,0,400,0.03825
brightness,1,0,alphabet_soup,1,1,242,0.03168
brightness,1,0,alphabet_soup,2,1,245,0.0293
brightness,1,0,alphabet_soup,3,1,199,0.02465
brightness,1,0,alphabet_soup,4,1,208,0.02567
brightness,1,0,alphabet_soup,5,1,234,0.02903
brightness,1,0,alphabet_soup,6,1,226,0.02512
brightness,1,0,alphabet_soup,7,1,177,0.02144
brightness,1,0,alphabet_soup,8,1,138,0.02007
brightness,1,0,alphabet_soup,9,0,400,0.03836
brightness,1,1,cream_cheese,0,0,400,0.04413
brightness,1,1,cream_cheese,1,0,400,0.04585
brightness,1,1,cream_cheese,2,1,181,0.02606
brightness,1,1,cream_cheese,3,0,400,0.04113
brightness,1,1,cream_cheese,4,0,400,0.04568
brightness,1,1,cream_cheese,5,0,400,0.04141
brightness,1,1,cream_cheese,6,0,400,0.04738
brightness,1,1,cream_cheese,7,0,400,0.04483
brightness,1,1,cream_cheese,8,0,400,0.04921
brightness,1,1,cream_cheese,9,0,400,0.04465
brightness,1,2,salad_dressing,0,1,126,0.01925
brightness,1,2,salad_dressing,1,1,144,0.01819
brightness,1,2,salad_dressing,2,1,222,0.03086
brightness,1,2,salad_dressing,3,1,189,0.02598
brightness,1,2,salad_dressing,4,1,186,0.02248
brightness,1,2,salad_dressing,5,1,339,0.0355
brightness,1,2,salad_dressing,6,1,299,0.03462
brightness,1,2,salad_dressing,7,1,211,0.02926
brightness,1,2,salad_dressing,8,1,143,0.01923
brightness,1,2,salad_dressing,9,1,194,0.02998
brightness,1,3,bbq_sauce,0,1,137,0.01778
brightness,1,3,bbq_sauce,1,0,400,0.03856
brightness,1,3,bbq_sauce,2,0,400,0.03181
brightness,1,3,bbq_sauce,3,0,400,0.03376
brightness,1,3,bbq_sauce,4,0,400,0.03602
brightness,1,3,bbq_sauce,5,0,400,0.03669
brightness,1,3,bbq_sauce,6,0,400,0.03741
brightness,1,3,bbq_sauce,7,0,400,0.03576
brightness,1,3,bbq_sauce,8,0,400,0.03796
brightness,1,3,bbq_sauce,9,0,400,0.03652
brightness,1,4,ketchup,0,0,400,0.02164
brightness,1,4,ketchup,1,1,273,0.02626
brightness,1,4,ketchup,2,1,266,0.02506
brightness,1,4,ketchup,3,0,400,0.02324
brightness,1,4,ketchup,4,0,400,0.02492
brightness,1,4,ketchup,5,0,400,0.02715
brightness,1,4,ketchup,6,0,400,0.02791
brightness,1,4,ketchup,7,0,400,0.0277
brightness,1,4,ketchup,8,0,400,0.02016
brightness,1,4,ketchup,9,0,400,0.02436
brightness,1,5,tomato_sauce,0,0,400,0.03314
brightness,1,5,tomato_sauce,1,0,400,0.0331
brightness,1,5,tomato_sauce,2,0,400,0.02816
brightness,1,5,tomato_sauce,3,1,180,0.04443
brightness,1,5,tomato_sauce,4,1,231,0.02954
brightness,1,5,tomato_sauce,5,1,169,0.02446
brightness,1,5,tomato_sauce,6,1,169,0.04019
brightness,1,5,tomato_sauce,7,1,374,0.02528
brightness,1,5,tomato_sauce,8,1,143,0.02778
brightness,1,5,tomato_sauce,9,1,147,0.03238
brightness,1,6,butter,0,1,152,0.02219
brightness,1,6,butter,1,1,160,0.01856
brightness,1,6,butter,2,1,153,0.01896
brightness,1,6,butter,3,0,400,0.0357
brightness,1,6,butter,4,1,153,0.02096
brightness,1,6,butter,5,1,151,0.02139
brightness,1,6,butter,6,0,400,0.03464
brightness,1,6,butter,7,1,151,0.02039
brightness,1,6,butter,8,1,152,0.0208
brightness,1,6,butter,9,1,221,0.02816
brightness,1,7,milk,0,1,141,0.01669
brightness,1,7,milk,1,1,139,0.01651
brightness,1,7,milk,2,1,142,0.01919
brightness,1,7,milk,3,1,141,0.01744
brightness,1,7,milk,4,0,400,0.03589
brightness,1,7,milk,5,1,141,0.01722
brightness,1,7,milk,6,1,146,0.01754
brightness,1,7,milk,7,1,145,0.0156
brightness,1,7,milk,8,0,400,0.03637
brightness,1,7,milk,9,1,138,0.01594
brightness,1,8,chocolate_pudding,0,1,331,0.02739
brightness,1,8,chocolate_pudding,1,1,160,0.01735
brightness,1,8,chocolate_pudding,2,0,400,0.02112
brightness,1,8,chocolate_pudding,3,1,202,0.01717
brightness,1,8,chocolate_pudding,4,1,204,0.01792
brightness,1,8,chocolate_pudding,5,1,203,0.01816
brightness,1,8,chocolate_pudding,6,1,272,0.01901
brightness,1,8,chocolate_pudding,7,1,169,0.01576
brightness,1,8,chocolate_pudding,8,1,226,0.01991
brightness,1,8,chocolate_pudding,9,1,152,0.01823
brightness,1,9,orange_juice,0,0,400,0.03995
brightness,1,9,orange_juice,1,0,400,0.04121
brightness,1,9,orange_juice,2,1,167,0.0335
brightness,1,9,orange_juice,3,1,400,0.03596
brightness,1,9,orange_juice,4,1,131,0.0205
brightness,1,9,orange_juice,5,0,400,0.03928
brightness,1,9,orange_juice,6,1,155,0.0239
brightness,1,9,orange_juice,7,1,116,0.017
brightness,1,9,orange_juice,8,1,125,0.01819
brightness,1,9,orange_juice,9,0,400,0.0338
brightness,2,0,alphabet_soup,0,1,146,0.02246
brightness,2,0,alphabet_soup,1,1,242,0.02957
brightness,2,0,alphabet_soup,2,1,258,0.02955
brightness,2,0,alphabet_soup,3,1,204,0.02766
brightness,2,0,alphabet_soup,4,1,207,0.0254
brightness,2,0,alphabet_soup,5,1,362,0.03644
brightness,2,0,alphabet_soup,6,0,400,0.03642
brightness,2,0,alphabet_soup,7,0,400,0.03884
brightness,2,0,alphabet_soup,8,1,200,0.02639
brightness,2,0,alphabet_soup,9,1,280,0.03095
brightness,2,1,cream_cheese,0,0,400,0.04606
brightness,2,1,cream_cheese,1,0,400,0.04661
brightness,2,1,cream_cheese,2,1,205,0.02497
brightness,2,1,cream_cheese,3,0,400,0.04558
brightness,2,1,cream_cheese,4,1,179,0.02297
brightness,2,1,cream_cheese,5,0,400,0.03742
brightness,2,1,cream_cheese,6,1,189,0.02293
brightness,2,1,cream_cheese,7,0,400,0.04827
brightness,2,1,cream_cheese,8,0,400,0.03959
brightness,2,1,cream_cheese,9,0,400,0.0435
brightness,2,2,salad_dressing,0,1,130,0.02009
brightness,2,2,salad_dressing,1,1,221,0.02984
brightness,2,2,salad_dressing,2,1,230,0.03246
brightness,2,2,salad_dressing,3,1,130,0.01816
brightness,2,2,salad_dressing,4,1,181,0.02256
brightness,2,2,salad_dressing,5,1,238,0.03208
brightness,2,2,salad_dressing,6,1,197,0.02913
brightness,2,2,salad_dressing,7,1,171,0.02176
brightness,2,2,salad_dressing,8,1,135,0.0168
brightness,2,2,salad_dressing,9,1,227,0.03114
brightness,2,3,bbq_sauce,0,0,400,0.03594
brightness,2,3,bbq_sauce,1,0,400,0.03403
brightness,2,3,bbq_sauce,2,0,400,0.03341
brightness,2,3,bbq_sauce,3,0,400,0.03493
brightness,2,3,bbq_sauce,4,0,400,0.03583
brightness,2,3,bbq_sauce,5,0,400,0.03784
brightness,2,3,bbq_sauce,6,0,400,0.03533
brightness,2,3,bbq_sauce,7,1,284,0.03435
brightness,2,3,bbq_sauce,8,0,400,0.03553
brightness,2,3,bbq_sauce,9,0,400,0.03557
brightness,2,4,ketchup,0,0,400,0.02115
brightness,2,4,ketchup,1,1,235,0.02407
brightness,2,4,ketchup,2,1,189,0.02327
brightness,2,4,ketchup,3,0,400,0.02517
brightness,2,4,ketchup,4,0,400,0.02013
brightness,2,4,ketchup,5,0,400,0.02596
brightness,2,4,ketchup,6,1,358,0.02235
brightness,2,4,ketchup,7,0,400,0.02603
brightness,2,4,ketchup,8,0,400,0.02457
brightness,2,4,ketchup,9,0,400,0.02408
brightness,2,5,tomato_sauce,0,0,400,0.03431
brightness,2,5,tomato_sauce,1,1,400,0.03305
brightness,2,5,tomato_sauce,2,1,204,0.02762
brightness,2,5,tomato_sauce,3,1,202,0.02459
brightness,2,5,tomato_sauce,4,0,400,0.02947
brightness,2,5,tomato_sauce,5,0,400,0.032
brightness,2,5,tomato_sauce,6,1,155,0.03866
brightness,2,5,tomato_sauce,7,0,400,0.03391
brightness,2,5,tomato_sauce,8,1,133,0.026
brightness,2,5,tomato_sauce,9,1,380,0.03365
brightness,2,6,butter,0,1,160,0.01931
brightness,2,6,butter,1,1,161,0.0198
brightness,2,6,butter,2,1,153,0.02195
brightness,2,6,butter,3,0,400,0.03573
brightness,2,6,butter,4,1,162,0.02478
brightness,2,6,butter,5,1,168,0.02371
brightness,2,6,butter,6,1,187,0.02405
brightness,2,6,butter,7,1,152,0.02143
brightness,2,6,butter,8,1,152,0.02218
brightness,2,6,butter,9,1,163,0.02563
brightness,2,7,milk,0,0,400,0.03659
brightness,2,7,milk,1,1,137,0.01687
brightness,2,7,milk,2,1,142,0.01831
brightness,2,7,milk,3,1,248,0.02678
brightness,2,7,milk,4,0,400,0.03638
brightness,2,7,milk,5,1,222,0.02847
brightness,2,7,milk,6,1,149,0.01842
brightness,2,7,milk,7,1,148,0.01491
brightness,2,7,milk,8,0,400,0.03505
brightness,2,7,milk,9,1,138,0.0175
brightness,2,8,chocolate_pudding,0,0,400,0.03707
brightness,2,8,chocolate_pudding,1,1,160,0.01851
brightness,2,8,chocolate_pudding,2,1,215,0.01872
brightness,2,8,chocolate_pudding,3,1,161,0.01803
brightness,2,8,chocolate_pudding,4,0,400,0.02522
brightness,2,8,chocolate_pudding,5,0,400,0.0234
brightness,2,8,chocolate_pudding,6,1,178,0.02208
brightness,2,8,chocolate_pudding,7,0,400,0.02495
brightness,2,8,chocolate_pudding,8,1,153,0.01856
brightness,2,8,chocolate_pudding,9,1,152,0.01884
brightness,2,9,orange_juice,0,0,400,0.0387
brightness,2,9,orange_juice,1,0,400,0.04251
brightness,2,9,orange_juice,2,1,210,0.03786
brightness,2,9,orange_juice,3,1,132,0.01937
brightness,2,9,orange_juice,4,0,400,0.04037
brightness,2,9,orange_juice,5,0,400,0.04129
brightness,2,9,orange_juice,6,1,161,0.02597
brightness,2,9,orange_juice,7,0,400,0.03902
brightness,2,9,orange_juice,8,1,124,0.01831
brightness,2,9,orange_juice,9,0,400,0.03333
brightness,3,0,alphabet_soup,0,1,225,0.02678
brightness,3,0,alphabet_soup,1,1,135,0.02019
brightness,3,0,alphabet_soup,2,0,400,0.03988
brightness,3,0,alphabet_soup,3,0,400,0.03658
brightness,3,0,alphabet_soup,4,1,209,0.02693
brightness,3,0,alphabet_soup,5,1,250,0.03071
brightness,3,0,alphabet_soup,6,1,215,0.0266
brightness,3,0,alphabet_soup,7,1,260,0.03126
brightness,3,0,alphabet_soup,8,0,400,0.04537
brightness,3,0,alphabet_soup,9,1,235,0.02932
brightness,3,1,cream_cheese,0,0,400,0.04269
brightness,3,1,cream_cheese,1,1,153,0.01778
brightness,3,1,cream_cheese,2,0,400,0.04446
brightness,3,1,cream_cheese,3,0,400,0.04331
brightness,3,1,cream_cheese,4,0,400,0.04346
brightness,3,1,cream_cheese,5,0,400,0.04257
brightness,3,1,cream_cheese,6,0,400,0.04537
brightness,3,1,cream_cheese,7,0,400,0.04459
brightness,3,1,cream_cheese,8,0,400,0.04805
brightness,3,1,cream_cheese,9,0,400,0.04699
brightness,3,2,salad_dressing,0,0,400,0.02918
brightness,3,2,salad_dressing,1,1,206,0.02962
brightness,3,2,salad_dressing,2,1,331,0.03428
brightness,3,2,salad_dressing,3,1,132,0.0206
brightness,3,2,salad_dressing,4,1,144,0.01896
brightness,3,2,salad_dressing,5,1,129,0.01921
brightness,3,2,salad_dressing,6,1,137,0.01811
brightness,3,2,salad_dressing,7,1,143,0.01657
brightness,3,2,salad_dressing,8,1,146,0.02511
brightness,3,2,salad_dressing,9,1,137,0.02147
brightness,3,3,bbq_sauce,0,0,400,0.03507
brightness,3,3,bbq_sauce,1,0,400,0.03165
brightness,3,3,bbq_sauce,2,1,143,0.02247
brightness,3,3,bbq_sauce,3,0,400,0.03802
brightness,3,3,bbq_sauce,4,1,133,0.01777
brightness,3,3,bbq_sauce,5,0,400,0.03605
brightness,3,3,bbq_sauce,6,1,155,0.0241
brightness,3,3,bbq_sauce,7,1,257,0.03029
brightness,3,3,bbq_sauce,8,0,400,0.03307
brightness,3,3,bbq_sauce,9,0,400,0.03642
brightness,3,4,ketchup,0,0,400,0.02495
brightness,3,4,ketchup,1,1,239,0.02465
brightness,3,4,ketchup,2,1,245,0.02511
brightness,3,4,ketchup,3,0,400,0.02735
brightness,3,4,ketchup,4,0,400,0.0266
brightness,3,4,ketchup,5,0,400,0.0232
brightness,3,4,ketchup,6,1,290,0.02618
brightness,3,4,ketchup,7,0,400,0.03005
brightness,3,4,ketchup,8,0,400,0.03179
brightness,3,4,ketchup,9,1,297,0.02395
brightness,3,5,tomato_sauce,0,0,400,0.02865
brightness,3,5,tomato_sauce,1,1,208,0.02714
brightness,3,5,tomato_sauce,2,0,400,0.03429
brightness,3,5,tomato_sauce,3,0,400,0.03037
brightness,3,5,tomato_sauce,4,1,287,0.03468
brightness,3,5,tomato_sauce,5,1,190,0.02639
brightness,3,5,tomato_sauce,6,1,139,0.02885
brightness,3,5,tomato_sauce,7,0,400,0.02709
brightness,3,5,tomato_sauce,8,0,400,0.02604
brightness,3,5,tomato_sauce,9,1,140,0.03263
brightness,3,6,butter,0,1,166,0.02171
brightness,3,6,butter,1,0,400,0.03857
brightness,3,6,butter,2,1,160,0.02236
brightness,3,6,butter,3,1,170,0.02293
brightness,3,6,butter,4,1,169,0.02071
brightness,3,6,butter,5,1,159,0.02058
brightness,3,6,butter,6,1,168,0.02054
brightness,3,6,butter,7,0,400,0.03983
brightness,3,6,butter,8,1,163,0.02267
brightness,3,6,butter,9,1,168,0.01906
brightness,3,7,milk,0,1,144,0.01715
brightness,3,7,milk,1,1,193,0.02242
brightness,3,7,milk,2,1,145,0.01837
brightness,3,7,milk,3,1,255,0.02384
brightness,3,7,milk,4,1,147,0.01841
brightness,3,7,milk,5,0,400,0.02561
brightness,3,7,milk,6,1,140,0.01929
brightness,3,7,milk,7,1,147,0.01614
brightness,3,7,milk,8,1,140,0.0173
brightness,3,7,milk,9,1,187,0.02384
brightness,3,8,chocolate_pudding,0,1,180,0.01802
brightness,3,8,chocolate_pudding,1,0,400,0.02597
brightness,3,8,chocolate_pudding,2,1,217,0.01905
brightness,3,8,chocolate_pudding,3,1,169,0.01781
brightness,3,8,chocolate_pudding,4,1,191,0.01725
brightness,3,8,chocolate_pudding,5,1,210,0.02167
brightness,3,8,chocolate_pudding,6,1,290,0.02595
brightness,3,8,chocolate_pudding,7,1,220,0.02
brightness,3,8,chocolate_pudding,8,1,282,0.02716
brightness,3,8,chocolate_pudding,9,1,186,0.02218
brightness,3,9,orange_juice,0,0,400,0.04227
brightness,3,9,orange_juice,1,0,400,0.03501
brightness,3,9,orange_juice,2,0,400,0.0381
brightness,3,9,orange_juice,3,1,132,0.0187
brightness,3,9,orange_juice,4,0,400,0.04016
brightness,3,9,orange_juice,5,0,400,0.03957
brightness,3,9,orange_juice,6,0,400,0.03848
brightness,3,9,orange_juice,7,0,400,0.04158
brightness,3,9,orange_juice,8,1,124,0.0166
brightness,3,9,orange_juice,9,0,400,0.02316
brightness,4,0,alphabet_soup,0,0,400,0.04739
brightness,4,0,alphabet_soup,1,0,400,0.04491
brightness,4,0,alphabet_soup,2,0,400,0.04317
brightness,4,0,alphabet_soup,3,0,400,0.04214
brightness,4,0,alphabet_soup,4,0,400,0.04065
brightness,4,0,alphabet_soup,5,0,400,0.0408
brightness,4,0,alphabet_soup,6,0,400,0.04171
brightness,4,0,alphabet_soup,7,0,400,0.04462
brightness,4,0,alphabet_soup,8,0,400,0.04713
brightness,4,0,alphabet_soup,9,0,400,0.04211
brightness,4,1,cream_cheese,0,0,400,0.0359
brightness,4,1,cream_cheese,1,0,400,0.0358
brightness,4,1,cream_cheese,2,1,309,0.03912
brightness,4,1,cream_cheese,3,0,400,0.04122
brightness,4,1,cream_cheese,4,1,330,0.03887
brightness,4,1,cream_cheese,5,0,400,0.04
brightness,4,1,cream_cheese,6,0,400,0.03702
brightness,4,1,cream_cheese,7,0,400,0.03869
brightness,4,1,cream_cheese,8,1,299,0.04067
brightness,4,1,cream_cheese,9,0,400,0.04013
brightness,4,2,salad_dressing,0,0,400,0.04473
brightness,4,2,salad_dressing,1,0,400,0.03408
brightness,4,2,salad_dressing,2,0,400,0.04007
brightness,4,2,salad_dressing,3,0,400,0.03962
brightness,4,2,salad_dressing,4,0,400,0.04171
brightness,4,2,salad_dressing,5,0,400,0.04253
brightness,4,2,salad_dressing,6,0,400,0.04215
brightness,4,2,salad_dressing,7,0,400,0.03038
brightness,4,2,salad_dressing,8,0,400,0.04322
brightness,4,2,salad_dressing,9,0,400,0.04415
brightness,4,3,bbq_sauce,0,0,400,0.03488
brightness,4,3,bbq_sauce,1,0,400,0.03883
brightness,4,3,bbq_sauce,2,0,400,0.03709
brightness,4,3,bbq_sauce,3,0,400,0.04024
brightness,4,3,bbq_sauce,4,0,400,0.03643
brightness,4,3,bbq_sauce,5,0,400,0.03509
brightness,4,3,bbq_sauce,6,0,400,0.03806
brightness,4,3,bbq_sauce,7,0,400,0.03397
brightness,4,3,bbq_sauce,8,0,400,0.03208
brightness,4,3,bbq_sauce,9,0,400,0.03442
brightness,4,4,ketchup,0,0,400,0.03331
brightness,4,4,ketchup,1,0,400,0.03012
brightness,4,4,ketchup,2,0,400,0.03626
brightness,4,4,ketchup,3,0,400,0.03386
brightness,4,4,ketchup,4,0,400,0.03444
brightness,4,4,ketchup,5,0,400,0.03229
brightness,4,4,ketchup,6,0,400,0.02604
brightness,4,4,ketchup,7,0,400,0.03401
brightness,4,4,ketchup,8,0,400,0.03395
brightness,4,4,ketchup,9,0,400,0.03272
brightness,4,5,tomato_sauce,0,0,400,0.04393
brightness,4,5,tomato_sauce,1,0,400,0.04297
brightness,4,5,tomato_sauce,2,0,400,0.043
brightness,4,5,tomato_sauce,3,0,400,0.04547
brightness,4,5,tomato_sauce,4,0,400,0.04331
brightness,4,5,tomato_sauce,5,0,400,0.04307
brightness,4,5,tomato_sauce,6,0,400,0.04273
brightness,4,5,tomato_sauce,7,0,400,0.043
brightness,4,5,tomato_sauce,8,0,400,0.04405
brightness,4,5,tomato_sauce,9,0,400,0.04347
brightness,4,6,butter,0,0,400,0.04212
brightness,4,6,butter,1,0,400,0.04123
brightness,4,6,butter,2,0,400,0.04259
brightness,4,6,butter,3,0,400,0.04716
brightness,4,6,butter,4,0,400,0.04254
brightness,4,6,butter,5,0,400,0.04167
brightness,4,6,butter,6,0,400,0.04112
brightness,4,6,butter,7,0,400,0.03801
brightness,4,6,butter,8,0,400,0.0428
brightness,4,6,butter,9,0,400,0.0399
brightness,4,7,milk,0,0,400,0.03747
brightness,4,7,milk,1,0,400,0.03869
brightness,4,7,milk,2,0,400,0.03967
brightness,4,7,milk,3,0,400,0.04004
brightness,4,7,milk,4,0,400,0.04295
brightness,4,7,milk,5,0,400,0.0385
brightness,4,7,milk,6,0,400,0.04073
brightness,4,7,milk,7,0,400,0.0389
brightness,4,7,milk,8,0,400,0.03764
brightness,4,7,milk,9,0,400,0.04094
brightness,4,8,chocolate_pudding,0,0,400,0.03189
brightness,4,8,chocolate_pudding,1,1,265,0.03211
brightness,4,8,chocolate_pudding,2,0,400,0.03944
brightness,4,8,chocolate_pudding,3,1,329,0.0321
brightness,4,8,chocolate_pudding,4,1,277,0.03082
brightness,4,8,chocolate_pudding,5,0,400,0.04506
brightness,4,8,chocolate_pudding,6,1,337,0.03315
brightness,4,8,chocolate_pudding,7,1,342,0.03274
brightness,4,8,chocolate_pudding,8,0,400,0.04368
brightness,4,8,chocolate_pudding,9,0,400,0.04249
brightness,4,9,orange_juice,0,0,400,0.02485
brightness,4,9,orange_juice,1,1,138,0.02538
brightness,4,9,orange_juice,2,0,400,0.04453
brightness,4,9,orange_juice,3,0,400,0.04476
brightness,4,9,orange_juice,4,0,400,0.02806
brightness,4,9,orange_juice,5,0,400,0.02232
brightness,4,9,orange_juice,6,0,400,0.0259
brightness,4,9,orange_juice,7,0,400,0.02778
brightness,4,9,orange_juice,8,0,400,0.03112
brightness,4,9,orange_juice,9,0,400,0.02452
brightness,5,0,alphabet_soup,0,0,400,0.03593
brightness,5,0,alphabet_soup,1,0,400,0.03381
brightness,5,0,alphabet_soup,2,0,400,0.03407
brightness,5,0,alphabet_soup,3,0,400,0.03461
brightness,5,0,alphabet_soup,4,0,400,0.03514
brightness,5,0,alphabet_soup,5,0,400,0.03539
brightness,5,0,alphabet_soup,6,0,400,0.03739
brightness,5,0,alphabet_soup,7,0,400,0.03511
brightness,5,0,alphabet_soup,8,0,400,0.03736
brightness,5,0,alphabet_soup,9,0,400,0.03512
brightness,5,1,cream_cheese,0,0,400,0.05005
brightness,5,1,cream_cheese,1,0,400,0.05136
brightness,5,1,cream_cheese,2,0,400,0.05006
brightness,5,1,cream_cheese,3,0,400,0.04613
brightness,5,1,cream_cheese,4,0,400,0.04966
brightness,5,1,cream_cheese,5,0,400,0.05036
brightness,5,1,cream_cheese,6,0,400,0.05143
brightness,5,1,cream_cheese,7,0,400,0.05092
brightness,5,1,cream_cheese,8,0,400,0.04892
brightness,5,1,cream_cheese,9,0,400,0.05246
brightness,5,2,salad_dressing,0,0,400,0.03619
brightness,5,2,salad_dressing,1,0,400,0.03428
brightness,5,2,salad_dressing,2,0,400,0.03239
brightness,5,2,salad_dressing,3,0,400,0.03272
brightness,5,2,salad_dressing,4,0,400,0.03605
brightness,5,2,salad_dressing,5,0,400,0.03242
brightness,5,2,salad_dressing,6,0,400,0.03289
brightness,5,2,salad_dressing,7,0,400,0.03221
brightness,5,2,salad_dressing,8,0,400,0.03263
brightness,5,2,salad_dressing,9,0,400,0.03363
brightness,5,3,bbq_sauce,0,0,400,0.03634
brightness,5,3,bbq_sauce,1,0,400,0.03637
brightness,5,3,bbq_sauce,2,0,400,0.03675
brightness,5,3,bbq_sauce,3,0,400,0.03606
brightness,5,3,bbq_sauce,4,0,400,0.03588
brightness,5,3,bbq_sauce,5,0,400,0.03682
brightness,5,3,bbq_sauce,6,0,400,0.03703
brightness,5,3,bbq_sauce,7,0,400,0.03602
brightness,5,3,bbq_sauce,8,0,400,0.03709
brightness,5,3,bbq_sauce,9,0,400,0.0366
brightness,5,4,ketchup,0,0,400,0.02654
brightness,5,4,ketchup,1,0,400,0.02943
brightness,5,4,ketchup,2,0,400,0.02736
brightness,5,4,ketchup,3,0,400,0.03233
brightness,5,4,ketchup,4,0,400,0.02847
brightness,5,4,ketchup,5,0,400,0.02929
brightness,5,4,ketchup,6,0,400,0.03118
brightness,5,4,ketchup,7,0,400,0.03051
brightness,5,4,ketchup,8,0,400,0.02655
brightness,5,4,ketchup,9,0,400,0.02909
brightness,5,5,tomato_sauce,0,0,400,0.05305
brightness,5,5,tomato_sauce,1,0,400,0.05412
brightness,5,5,tomato_sauce,2,0,400,0.05347
brightness,5,5,tomato_sauce,3,0,400,0.05371
brightness,5,5,tomato_sauce,4,0,400,0.05251
brightness,5,5,tomato_sauce,5,0,400,0.05354
brightness,5,5,tomato_sauce,6,0,400,0.05181
brightness,5,5,tomato_sauce,7,0,400,0.05427
brightness,5,5,tomato_sauce,8,0,400,0.05376
brightness,5,5,tomato_sauce,9,0,400,0.05252
brightness,5,6,butter,0,0,400,0.04525
brightness,5,6,butter,1,0,400,0.04705
brightness,5,6,butter,2,0,400,0.04996
brightness,5,6,butter,3,0,400,0.04652
brightness,5,6,butter,4,0,400,0.0399
brightness,5,6,butter,5,0,400,0.04976
brightness,5,6,butter,6,0,400,0.04194
brightness,5,6,butter,7,0,400,0.05116
brightness,5,6,butter,8,0,400,0.05049
brightness,5,6,butter,9,0,400,0.03848
brightness,5,7,milk,0,0,400,0.04847
brightness,5,7,milk,1,0,400,0.04614
brightness,5,7,milk,2,0,400,0.04835
brightness,5,7,milk,3,0,400,0.04848
brightness,5,7,milk,4,0,400,0.04855
brightness,5,7,milk,5,0,400,0.04945
